128 128 128 128 128 128 128 128 128 128 128 128 128 -128 -128 128
128 -128 128 -128 -128 -128 128 -128 128 -128 384 -128 128 384 -128 -128
-128 128 128 -128 128 -128 -128 -128 -128 128 -384 128 128 -128 -128 -128
-128 128 -128 -128 128 -128 -128 128 -384 128 128 384 128 -128 128 128
128 128 128 -128 128 384 128 128 -128 128 -128 -128 -128 -128 -128 -128
128 -128 128 -128 128 -128 128 384 128 128 -128 -128 128 -128 -384 128
128 128 -128 -128 128 -128 128 -128 -384 128 128 -128 -128 -128 -128 -384
-128 -128 -128 -128 -128 -128 128 128 -128 -384 128 -128 -384 128 128 128
128 128 128 -128 -128 -128 -128 -384 -128 128 -128 -128 128 -128 128 128
128 128 -128 128 -128 128 128 -128 -128 -384 128 128 128 128 384 -128
-128 128 -128 128 128 128 384 -128 128 -128 128 -128 -128 -128 -128 -128
128 128 -128 128 -128 -128 128 -128 -128 128 128 -128 128 128 128 128
-128 128 -128 128 128 -128 -128 128 128 128 -128 -384 128 128 128 -128
384 -128 128 128 -128 128 -128 128 -128 128 -128 -128 128 -128 128 128
-128 128 128 -128 -128 -128 -128 -128 -128 -128 128 384 128 128 -128 -384
128 128 128 128 128 384 -128 128 -128 128 128 -128 128 128 128 128
-128 128 128 -128 128 -128 128 -128 128 128 128 128 384 -128 128 384
-128 -128 128 128 -128 128 128 -128 384 -128 -128 -128 384 -128 -128 -128
128 -128 -128 128 128 128 -128 128 -128 -384 384 -128 -128 128 -128 -128
128 128 128 128 -128 128 128 -128 128 128 384 -128 128 128 128 -128
384 -128 -128 -128 128 -128 128 128 -128 -128 -128 128 -128 -128 128 128
128 -128 -128 128 -128 128 128 -128 -128 -128 384 -128 -128 -384 -128 128
128 128 -128 -128 128 -128 -128 -128 -128 -384 -128 -384 -128 128 128 128
-128 128 -128 -384 128 128 -128 128 -128 128 128 128 128 -128 128 -128
128 -128 128 -128 128 -128 128 128 128 384 128 128 -384 128 128 -128
-128 128 -128 128 -128 128 -128 128 -128 128 -128 -128 -128 -384 128 -128
128 128 128 -128 128 -128 -128 128 -128 -128 -128 128 128 -128 -128 -128
128 128 -128 -128 -128 -128 -128 -128 -128 128 -128 128 -384 128 -384 128
128 128 -128 -128 128 -128 -128 -128 128 -128 128 -128 -128 128 -128 128
128 128 -128 -128 -128 -128 128 -128 -384 128 -128 128 -128 128 128 -128
-128 128 -128 -128 -128 -128 128 -128 -384 128 -128 -384 -128 128 128 128
128 -128 -128 -128 128 128 -128 -128 -128 -128 128 -128 -128 -128 -128 -384
-128 128 128 128 128 128 -128 128 128 -128 -128 128 384 -128 384 -128
128 -128 128 -128 128 128 -128 -128 128 128 128 384 -128 -128 -384 128
-128 128 128 128 -128 -128 -128 -128 128 128 -128 -384 384 -128 -128 -128
-128 -128 -128 128 -128 128 128 128 128 384 128 128 -128 -128 -128 -384
-128 128 -128 -128 -128 -128 -384 128 128 -128 128 -128 -128 -128 -128 -384
-128 128 128 128 -128 128 128 128 -128 128 128 -128 -128 -384 384 -128
128 128 -128 -384 -128 -128 128 128 -128 -128 -128 -128 128 -128 -128 128
128 -128 -128 -128 -128 128 128 128 -128 -384 -384 128 128 128 -128 128
-128 128 -128 128 -128 128 -128 -128 384 -128 -128 128 384 -128 128 -128
128 -128 -128 -128 128 128 128 128 128 128 128 128 -384 128 128 -128
-128 -128 128 -128 -128 128 128 -128 -128 128 -128 -384 -128 -128 -128 -128
128 128 128 -128 -128 -128 -384 128 -128 -128 128 -128 -128 -128 -128 -128
128 128 128 128 128 128 -128 128 128 -128 128 128 128 -128 -384 128
-128 128 -128 128 128 384 -128 128 128 -128 -128 128 128 128 -128 -128
128 -128 -128 -128 -128 128 -128 -128 128 128 -128 -384 -128 -128 -128 -384
128 -128 -128 -128 -128 128 128 128 128 128 -384 128 128 128 128 384
-128 128 -128 -128 128 -128 -128 128 128 -128 -128 128 -128 -128 128 -128
128 128 -128 128 -128 -128 -128 -384 128 128 -128 128 128 -128 128 384
128 128 128 -128 128 -128 -128 -384 128 128 128 128 -128 128 -384 128
128 -128 128 -128 128 384 -128 -128 -128 -128 -128 -128 -128 -128 128 -128
128 128 -128 128 -128 -128 128 384 -128 -128 128 128 -128 -128 128 384
128 -128 -128 -128 -128 128 128 -128 -384 128 128 384 -128 128 128 -128
128 128 -128 -128 -128 -128 128 -128 128 384 384 -128 -128 -128 128 -128
-128 -128 128 128 128 -128 128 -128 128 384 -128 -384 -128 128 128 128
128 -128 -128 128 -128 -384 128 -128 -128 128 128 -128 -128 128 -128 128
-128 128 -128 -128 -128 128 -128 128 128 -128 128 128 -128 128 128 128
-128 -128 -128 -128 -128 -128 -128 128 -128 -128 -384 128 -128 -384 128 -128
128 128 -384 128 -128 -128 -128 -128 128 -128 -128 -128 128 128 -128 128
-128 128 128 128 -128 128 128 128 384 -128 -128 128 -128 -384 128 -128
-128 128 -128 -128 -128 -128 -128 -128 128 -128 -384 128 128 128 -128 -384
-128 128 -128 -128 128 128 128 -128 -128 -384 128 -128 128 384 128 128
-384 128 128 128 -128 128 -128 -128 128 128 128 -128 -128 -128 128 -128
-128 128 -128 128 -128 -128 -128 -128 128 384 -128 128 128 -128 -128 -384
128 -128 -128 128 128 128 128 128 128 -128 -128 -128 -384 128 -128 -128
128 -128 128 -128 128 -128 -128 -128 128 -128 -128 128 128 384 128 -128
-128 -128 128 -128 -128 -128 -128 128 -384 128 128 -128 -384 128 128 128
128 128 128 128 128 -128 -128 128 384 -128 128 384 -128 -128 128 -128
128 -128 -128 128 -128 -128 128 -128 128 -128 -128 -128 -128 -384 -384 128
128 -128 -128 128 128 128 128 -128 -128 128 384 -128 128 128 -128 -384
-128 -128 -128 128 128 128 128 128 128 384 -128 -128 128 128 -384 128
-384 128 128 128 128 128 128 128 -128 128 -128 128 128 -128 128 128
-128 128 128 128 -128 128 128 -128 128 384 -384 128 128 128 -128 128
-128 -128 -128 -128 -128 128 128 -128 128 -128 384 -128 -128 128 128 -128
128 128 128 -128 128 -128 -128 128 -384 128 128 -128 -128 -128 -128 128
-128 128 128 -128 -128 128 128 -128 128 384 -128 -128 384 -128 128 -128
-128 128 128 -128 128 -128 -128 128 128 128 384 -128 128 384 128 128
-128 128 384 -128 128 -128 -128 128 128 -128 -128 -128 -128 -128 -128 128
128 128 -128 -384 -128 128 -128 -128 -128 128 -128 128 -128 128 -128 -128
-128 -128 -128 128 128 128 384 -128 128 128 128 -128 -128 -128 128 128
-128 128 128 128 -128 128 128 -128 -384 128 128 -128 128 384 128 128
-128 -128 128 -128 -128 128 -128 -128 -128 128 128 384 128 128 384 -128
-128 128 -128 128 128 -128 128 -128 -128 128 128 128 -384 128 -128 128
128 128 384 -128 -128 -128 128 128 -128 128 -128 128 128 128 -128 -128
128 -128 128 -128 -128 -128 -128 -128 -128 128 -384 128 -128 128 -128 -128
128 128 -128 128 128 384 128 128 -128 128 -128 -128 128 -128 128 -128
-128 128 128 -128 -128 128 -128 128 -128 -384 128 -128 128 -128 -128 128
-128 -128 -128 128 -128 128 -128 -128 -128 -128 384 -128 128 128 128 -128
-128 -384 128 128 128 -128 -128 128 -128 -128 128 -128 128 128 -128 -128
128 -128 384 -128 -128 -128 -128 128 -128 128 128 128 128 -128 128 128
-128 -128 -128 -128 -128 -128 -128 -128 128 128 384 -128 128 -128 128 384
-128 -128 -128 128 -128 -128 128 128 128 128 128 -128 -128 -128 128 -128
-128 128 -128 -128 -128 -128 -128 -128 -128 -128 -128 -384 -128 -384 128 128
128 128 -128 -128 -128 128 128 128 -128 -128 128 128 -128 128 -128 128
-128 128 128 128 128 -128 128 -128 128 -128 -128 -128 -384 128 128 -128
128 -128 -128 128 -128 -128 128 -128 128 -128 -128 128 128 384 -128 -384
128 -128 -128 128 128 -128 128 128 -128 -128 -128 -384 128 128 -128 -384
128 128 -128 128 128 128 128 128 128 128 -128 -384 128 128 384 -128
-128 128 -128 128 -128 -128 -128 -128 -128 128 384 -128 128 384 128 128
128 128 -128 -128 -384 128 -128 128 -128 128 -128 -128 -128 -128 -128 128
-384 128 -128 -128 -128 128 128 128 128 -128 -128 128 128 128 128 -128
-128 -128 128 128 -128 128 128 128 128 384 128 128 -128 -128 -384 128
128 -128 -128 128 -128 128 128 128 -128 128 -128 -128 128 128 128 384
128 -128 128 -128 128 128 384 -128 -128 -128 128 -128 128 128 128 -128
-128 128 -128 -384 128 128 128 -128 128 128 -128 -128 -128 128 -128 128
128 128 128 -128 128 128 128 384 128 128 -128 128 -128 128 -128 128
-128 128 128 128 -128 -128 -128 -128 -384 128 -128 -128 128 128 -128 128
128 128 128 -128 128 -128 -128 -128 -128 -384 128 128 -128 -128 128 128
-128 128 128 128 128 -128 128 128 384 -128 -128 -128 128 384 128 128
-128 128 -128 128 -128 -128 -128 128 -128 128 128 384 -128 128 -128 -128
128 128 128 -128 128 -128 -128 -128 -128 -128 -128 128 -128 -384 -128 -128
-128 128 384 -128 128 -128 -128 128 -128 -128 128 128 128 -128 -128 -128
-128 128 -128 128 128 -128 -128 -128 128 -128 -128 128 128 -128 128 128
-128 -128 -128 128 128 128 128 128 -128 -384 384 -128 128 128 128 128
128 128 -128 128 -128 128 128 -128 128 384 128 128 384 -128 -128 -128
-128 128 -128 -128 -128 128 128 128 384 -128 128 384 -128 128 128 -128
128 128 -128 128 -128 128 -128 -384 128 128 -128 128 -128 -128 -384 128
-128 -384 128 128 -128 128 -128 -128 128 -128 128 128 -128 -128 128 -128
-384 128 -128 128 -128 128 -128 -128 128 128 -128 -128 128 -128 -128 -128
-128 -128 128 -128 128 128 128 128 128 128 128 384 -128 128 128 -128
-128 -128 128 128 -128 128 128 -128 128 -128 384 -128 128 -128 128 -128
-128 128 128 128 128 -128 128 128 -128 -384 -128 -128 128 384 -128 128
-128 -128 128 -128 -384 128 -128 128 -128 128 128 -128 -128 -128 -128 128
128 128 128 -128 -128 -128 -128 -128 128 384 -128 -384 128 -128 -128 128
-128 -128 128 128 -128 128 128 -128 128 128 -128 -384 -128 -384 128 -128
128 -128 128 128 128 -128 -128 -128 -128 -384 -128 -128 -128 -384 128 -128
-128 -128 128 128 -128 -128 -128 128 -128 128 -128 128 -128 128 128 128
-128 128 -128 -128 128 128 128 128 -384 128 -128 -128 -128 -128 384 -128
-128 128 -128 -128 128 -128 -128 128 -128 128 -384 128 384 -128 -128 128
128 -128 -128 -128 128 384 128 128 128 -128 128 128 -128 -128 -128 -128
128 -128 -128 -128 -128 -128 128 128 -128 128 128 -128 128 -128 -384 128
-128 -128 -128 -128 -128 -128 -384 128 -128 128 -128 -128 128 128 -384 128
-128 128 128 -128 128 -128 -128 128 -128 -384 -128 -128 -128 -384 -128 128
-128 -128 -128 128 128 128 -128 -384 128 -128 -128 -128 -128 128 128 128
-128 128 128 -128 128 -128 128 128 128 128 -128 128 -128 -384 -128 128
384 -128 -128 -128 -128 -128 128 -128 128 128 -128 -128 128 -128 -128 128
128 128 384 -128 -128 -128 128 128 128 128 128 128 -128 128 -128 128
128 -128 -128 -128 384 -128 -128 -128 128 128 128 -128 -128 -128 -128 -128
128 128 128 -128 -128 -128 128 -128 -128 128 128 128 -128 128 128 384
128 128 128 128 -384 128 -128 -128 128 -128 -128 -128 -128 -128 128 128
-128 -128 384 -128 128 128 -128 128 128 -128 128 -128 -128 -128 -128 128
128 -128 128 128 -128 128 128 -128 -384 128 128 -128 -384 128 -128 -128
-128 -384 128 128 128 128 128 -128 128 128 -128 128 -128 128 -128 128
128 128 -128 128 128 -128 -128 128 384 -128 128 -128 128 128 -384 128
128 128 128 128 128 128 -128 -128 128 384 -128 -128 128 384 128 128
128 128 -128 -128 -128 -128 128 -128 -384 128 128 -128 128 -128 384 -128
128 128 128 -128 -128 -128 -128 -128 384 -128 128 -128 -128 -128 -128 128
-128 -128 -128 -128 -128 128 128 128 -128 128 128 384 128 -128 -384 128
128 128 -128 128 128 128 128 128 -128 -384 128 384 -128 -128 -128 128
128 128 -128 -384 -128 128 128 128 128 128 128 -128 -128 -128 -128 128
128 128 -128 -128 128 128 -128 -384 128 -128 -128 -128 128 128 384 -128
-384 128 128 -128 128 128 -128 -128 128 128 -128 -128 -128 128 -128 128
128 -128 -128 128 -128 -128 128 128 -128 128 128 -128 -128 -128 128 -128
-128 -128 -128 -128 -128 -128 128 128 -384 128 384 -128 -128 -128 128 128
-128 128 -128 -128 -128 128 128 128 128 384 128 128 -128 128 -128 128
128 128 384 -128 -128 128 -128 128 -128 128 -128 128 -128 128 -128 128
128 128 128 128 -128 128 128 -128 128 128 -128 -128 128 384 128 -128
-128 128 128 -128 384 -128 128 -128 128 128 128 128 128 128 -128 128
128 128 128 128 128 128 128 128 128 128 128 -128 384 -128 -128 -384
128 -128 128 -128 -128 128 384 -128 128 -128 -128 128 -128 -128 128 384
128 -128 128 -128 -128 128 -128 128 -128 128 128 384 -384 128 128 128
-128 128 128 128 128 -128 128 -128 128 128 128 384 -128 128 128 384
128 128 -128 128 -128 -384 128 128 128 -128 -128 -128 -128 128 128 -128
128 128 -128 128 128 128 -128 128 128 128 384 -128 -384 128 128 -128
128 128 128 384 128 128 -128 128 128 -128 -128 -128 128 128 128 -128
-128 128 -128 128 -128 128 128 128 -384 128 -128 128 -128 -128 -384 128
-128 128 128 -128 -128 -128 128 128 -128 -384 -128 128 -384 128 -128 -128
128 128 -128 128 384 -128 128 128 128 128 128 128 128 -128 128 -128
128 -128 128 128 128 -128 -128 128 128 -128 128 384 128 128 -384 128
128 -128 128 128 128 -128 128 -128 128 -128 128 384 -128 -128 -384 128
-128 128 -128 -128 128 128 -128 128 384 -128 128 128 128 -128 -384 128
128 384 -128 128 -128 128 128 -128 128 -128 128 128 -128 128 128 -128
128 128 -128 128 128 -128 128 -128 128 128 -384 128 -128 -128 384 -128
-128 -128 -128 128 384 -128 -128 128 128 -128 128 -128 -128 -128 -128 -128
-128 -128 -128 128 -128 -128 128 128 -128 -128 -128 -384 -128 128 -128 128
-128 -128 128 -128 128 -128 384 -128 -128 128 128 128 128 128 -384 128
-128 -128 128 -128 -128 128 -128 128 128 -128 128 128 384 -128 128 384
128 -128 128 128 128 128 128 128 128 -128 128 384 128 -128 -384 128
128 -128 -128 128 384 -128 128 128 -128 -128 -128 -128 -128 -128 -128 -128
128 128 -128 -128 128 128 -128 -128 384 -128 128 -128 128 128 384 -128
128 -128 128 -128 128 128 -128 -128 -128 -128 -128 -384 -128 128 -128 -384
-128 128 -128 -128 -128 128 128 128 -128 128 128 128 -128 128 384 -128
-128 -128 -128 -128 128 128 128 384 128 128 128 128 128 128 128 128
-128 128 -128 -128 -128 -128 128 -128 128 384 -384 128 -128 -128 128 -128
-128 128 128 -128 -128 128 128 -128 -128 -128 128 128 384 -128 -128 128
-128 -128 128 128 -128 128 128 128 384 -128 128 128 384 -128 -128 -128
-128 -128 -128 -128 -128 128 -128 128 -128 -384 128 -128 -384 128 -128 -128
-128 -128 128 128 128 128 128 -128 -128 128 -128 -384 -128 -128 -384 128
128 -128 384 -128 128 128 -128 128 128 128 -128 128 128 -128 -128 -128
-128 -128 -128 -128 -128 -128 -128 -128 128 -128 384 -128 128 128 -384 128
-128 -128 128 128 128 -128 -128 128 -128 128 128 128 128 128 -128 128
128 -128 -128 -128 128 -128 -128 128 -128 128 384 -128 384 -128 128 128
-128 128 128 -128 128 -128 -128 128 128 -128 -384 128 128 128 -128 -128
128 128 128 -128 -128 128 -128 128 128 -128 128 -128 -128 -128 -128 -384
128 128 128 128 -128 -128 -128 -128 384 -128 128 128 128 -128 -384 128
384 -128 -128 128 -128 -128 128 -128 -128 128 128 -128 -128 128 -128 128
-128 128 -128 -128 128 -128 128 -128 128 384 128 128 128 -128 -384 128
-128 128 128 128 128 128 -128 -128 -384 128 128 128 -128 128 -128 128
-128 -128 128 -128 128 128 128 128 128 -128 128 -128 384 -128 -384 128
-128 -128 128 -128 -128 -128 128 128 128 -128 -128 128 128 -128 -128 128
128 128 -128 -128 -128 128 128 -128 -128 -128 -128 -384 128 128 128 128
128 128 -128 128 -128 -128 -384 128 128 128 -128 -128 128 -128 128 -128
-128 128 128 -128 128 128 384 -128 -128 -128 -128 -128 128 -128 -128 -128
128 -128 128 -128 -128 128 128 -128 -128 -384 -128 128 -128 128 128 128
-128 -128 128 -128 128 -128 -128 -384 -128 -128 128 128 128 128 -384 128
-128 128 -128 -128 -128 -384 -128 -128 128 -128 128 128 128 128 -128 128
128 128 128 -128 128 128 -128 128 128 128 -128 -384 128 128 128 -128
-128 128 128 128 -128 128 128 -128 128 -128 128 -128 384 -128 384 -128
-128 128 -128 -128 128 -128 128 -128 -128 -384 128 -128 -384 128 -128 -128
-128 -128 -128 128 -128 -128 -128 128 -128 -128 128 -128 -384 128 -384 128
-128 -128 128 128 128 128 -384 128 128 128 128 128 128 -128 -128 -384
-128 -128 -128 -128 128 128 128 -128 128 -128 128 128 -128 128 384 -128
128 128 -128 -128 128 -128 128 -128 128 -128 128 128 -128 128 -128 128
384 -128 -128 -128 -128 -128 -128 128 -128 -128 -128 128 128 -128 -128 -128
-128 128 128 128 384 -128 -128 -128 -128 -128 -128 128 -128 128 128 -128
128 -128 128 128 -128 -128 -384 128 -128 128 128 128 128 128 128 -128
-128 128 -128 -128 -128 128 128 -128 128 128 128 128 -384 128 -128 -128
-128 128 128 128 -128 -384 128 -128 -128 -128 128 128 128 -128 128 128
128 128 128 128 128 128 -128 -128 128 128 -128 -128 128 384 -384 128
-128 128 128 128 -128 -128 -128 128 128 -128 128 384 -128 128 128 -128
-128 128 -128 -128 -128 128 -128 -128 128 128 128 -128 -128 -384 -128 -384
-128 -128 -128 128 128 128 -128 128 384 -128 -128 -128 128 384 -128 128
-128 128 -128 -128 -128 128 -128 128 128 -128 -128 -384 128 384 128 128
128 -128 128 -128 128 -128 384 -128 128 128 128 -128 -128 128 -128 -128
-128 128 -128 -128 -128 -128 128 128 -128 -384 128 384 -128 -128 128 -128
128 -128 128 128 128 -128 -128 128 128 128 128 384 -128 -128 384 -128
128 128 -128 128 128 128 384 -128 -128 -128 -128 -128 -128 -128 384 -128
128 128 -128 -128 -128 128 128 384 128 -128 -128 -128 -128 -128 128 128
128 128 -128 -128 -128 -128 -384 128 128 -128 -128 -128 128 128 128 -128
128 128 -384 128 128 -128 -128 128 -128 128 -128 -128 -128 128 128 -128
384 -128 128 128 -128 -128 128 128 128 128 128 128 -128 128 -128 128
128 128 128 128 128 128 -128 -128 128 384 128 128 128 384 -128 128
384 -128 -128 128 -128 -128 -128 128 -128 -128 -128 128 128 -128 128 -128
-128 -128 128 -128 128 128 -128 -128 128 384 128 128 -384 128 -128 -128
128 -128 128 128 -128 -128 -128 128 -128 -128 128 -128 -128 -128 128 128
-128 128 -128 128 -384 128 128 -128 128 128 -128 128 -128 -128 128 -128
-128 -128 -128 128 -128 -128 128 -128 -128 128 -128 128 128 384 -384 128
-128 128 128 -128 -128 128 128 128 128 384 128 -128 -128 -128 -128 -384
-128 128 -128 -128 128 -128 384 -128 128 -128 -128 -128 -128 128 384 -128
128 128 -128 128 -128 -128 -128 128 -128 128 384 -128 128 384 128 -128
-128 128 -128 128 -128 128 -128 -128 -128 -128 -128 128 -128 -128 128 -128
-128 128 128 128 -128 128 128 -128 -128 128 128 -128 -128 -128 128 128
-384 128 128 128 128 -128 -128 -128 -128 128 -128 -128 -128 -128 128 128
-128 -128 128 -128 128 128 128 -128 128 128 128 384 128 -128 -384 128
-128 -128 -128 -128 128 128 -128 128 -128 128 128 128 128 -128 128 128
384 -128 128 -128 128 128 128 128 -128 128 -128 -128 128 128 128 -128
-128 -128 128 128 -128 128 -128 128 -128 -384 -128 -384 128 128 -128 128
-128 -128 128 -128 128 -128 384 -128 128 128 128 -128 128 -128 -128 128
-128 128 128 128 128 -128 128 -128 -128 128 -128 128 -128 128 -384 128
-128 128 -384 128 -128 128 -128 128 -128 128 -128 -128 -128 -128 128 128
128 128 128 128 128 -128 128 384 128 128 128 128 -128 -128 384 -128
128 -128 128 128 128 -128 128 128 -128 -128 128 -128 384 -128 -128 128
-128 128 -128 -128 -128 128 -128 -128 -128 -128 -128 128 128 128 -128 -128
128 128 -128 -128 128 128 128 128 128 128 -128 -128 128 -128 128 -128
-128 128 -128 -128 128 -128 128 -128 384 -128 -128 -128 -128 -128 128 -128
-128 128 -384 128 -128 128 128 -128 128 -128 -128 -128 128 -128 128 -128
-128 128 -128 -128 -128 128 384 -128 128 -128 -128 128 128 128 -384 128
-128 128 -128 128 -128 -128 -128 128 -128 128 -384 128 128 384 128 -128
128 128 -128 128 -128 128 -128 -128 -384 128 -128 -128 128 128 -128 -384
-384 128 128 128 -128 -128 -128 128 128 128 -128 128 128 128 128 -128
128 -128 128 -128 128 128 -128 -128 128 -128 -128 -384 -128 -128 128 -128
384 -128 128 128 128 128 -128 -128 128 -128 -128 -128 -128 -128 128 128
128 -128 -128 128 128 -128 -128 -128 -128 -128 128 -128 -384 128 128 -128
-128 128 128 128 128 128 -128 128 -128 -128 -128 -128 -384 128 -128 128
-128 128 128 -128 -128 128 -128 128 128 128 128 128 -384 128 128 128
128 -128 -128 128 -128 -128 -128 128 128 -128 -128 -128 -128 128 128 128
-128 128 128 -128 128 128 -128 128 128 -128 -128 -128 384 -128 384 -128
-128 -128 128 128 128 128 128 -128 128 128 -128 128 128 384 128 384
128 -128 128 -128 128 128 -128 -128 128 384 128 -128 -128 -384 128 128
-128 128 128 -128 128 -128 -128 -128 128 -128 128 -128 -384 128 128 128
128 -128 -128 128 -128 -128 -128 -384 128 -128 -128 128 -128 128 128 128
128 128 128 -128 -128 128 128 -128 384 -128 -128 128 -128 128 128 -128
128 128 -128 -128 -128 -128 -128 -384 128 -128 -128 -128 -128 -128 128 384
128 128 -128 128 128 128 -128 -128 128 -128 128 384 -128 -128 -128 -384
128 -128 -128 -128 -128 -128 -128 128 128 128 384 -128 128 -128 -384 128
-128 -128 -128 -128 128 128 -128 -128 -128 -128 128 128 384 -128 -128 128
128 -128 -128 -128 -128 128 128 -128 -384 128 128 384 -128 -128 128 128
-128 -128 128 -128 128 -128 128 128 128 128 -128 -128 128 -128 -128 128
128 128 -128 -128 128 128 128 -128 -384 128 384 -128 128 128 128 -128
128 -128 -128 128 128 -128 128 128 -384 128 128 128 128 -128 -128 -128
128 -128 -128 -128 128 128 128 128 -128 -384 128 384 -128 -128 -128 -128
128 128 128 128 128 128 -128 -384 -128 -128 128 -128 128 128 -128 -128
128 128 128 -128 128 -128 -128 -128 -384 128 -128 128 128 -128 128 128
-128 -128 128 128 -128 -128 128 128 384 -128 128 128 128 128 -128 128
-128 -128 -128 128 128 128 128 -128 128 128 -128 128 -128 -384 128 -128
128 -128 128 128 128 -128 -128 -128 -128 -128 128 -128 -128 -128 -128 128
128 -128 128 128 -128 -128 -128 128 128 -128 -384 128 128 128 -128 -384
-128 -128 -128 128 128 -128 128 384 -128 128 -128 -128 -128 -128 128 384
-128 -128 128 128 384 -128 -128 -128 128 -128 -128 128 128 128 128 -128
-128 128 -128 -128 384 -128 -128 128 -128 -128 128 -128 -128 -128 128 -128
-128 128 128 -128 -128 128 128 128 -384 128 -128 128 -128 128 128 -128
128 -128 -128 128 128 384 128 -128 -128 -128 128 -128 128 -128 128 -128
-128 -128 -128 128 128 128 384 -128 128 128 -128 -128 128 -128 -128 -128
-128 -128 -128 128 -128 -128 -128 -128 -128 -128 128 128 128 -128 -128 -384
128 -128 128 128 128 128 128 -128 128 128 384 -128 -128 128 -128 -128
-128 128 128 -128 128 128 128 128 -384 128 -128 128 -128 128 384 -128
128 -128 128 -128 -128 -128 128 128 -128 -128 -128 128 128 128 -128 -128
128 -128 128 128 128 -128 128 -128 -128 -128 384 -128 128 -128 -128 -384
128 -128 -128 -128 -128 -128 128 128 -128 -384 128 128 -128 -128 128 128
-128 128 -128 -128 128 -128 -384 128 128 -128 128 128 128 128 -384 128
-128 128 128 -128 128 128 -128 -128 -128 128 384 -128 -128 128 128 384
128 -128 -128 128 128 128 -128 128 -128 128 128 384 -128 -128 -128 -384
-128 128 128 128 -128 -128 384 -128 128 128 128 128 -128 128 128 128
128 128 -128 -128 -128 128 128 384 -128 -128 128 -128 -128 128 128 128
128 128 128 128 128 128 -128 -128 -128 128 384 -128 128 128 128 384
128 -128 128 -128 128 -128 128 -128 128 128 -128 128 128 384 -128 -128
-128 -128 -384 128 128 128 128 128 -128 -128 -128 -128 128 128 -128 -128
128 128 -128 -128 -128 128 -128 -128 -128 -384 128 128 384 -128 128 -128
-128 128 -128 128 -384 128 128 -128 128 -128 128 128 -128 -128 -128 -128
-128 -128 -128 128 -128 128 128 128 128 128 128 128 128 -128 -384 128
-128 -128 128 -128 -128 128 128 128 -128 -128 128 -128 128 -128 -384 128
128 384 128 128 128 -128 -128 128 -128 128 -128 128 128 -128 128 -128
128 -128 -128 128 128 -128 128 -128 128 -128 128 128 128 384 128 384
-128 128 384 -128 128 128 128 -128 -128 -128 -128 -128 -128 -128 128 -128
128 -128 -128 -128 -128 -128 -128 -128 -128 -384 128 128 128 -128 -128 -128
128 -128 128 -128 -128 128 128 -128 -128 128 128 -128 128 128 384 -128
-128 128 -128 -128 -384 128 128 -128 128 -128 -128 128 -128 -128 128 128
-128 -128 128 -128 -128 128 -128 -128 -384 128 -384 128 -128 128 -128 -128
128 128 128 128 -128 128 -128 -128 128 -128 128 384 -128 128 128 128
-384 128 128 128 -128 -128 128 -128 128 -128 -128 -128 128 -128 -128 -128
-128 -128 128 -128 128 -128 -128 -128 -384 128 128 384 128 -128 -128 -128
-128 128 -128 -128 -128 -128 -128 128 128 -128 128 -128 -128 128 -128 -384
-128 -384 -128 -128 -128 -128 -128 -128 -128 -128 128 -128 128 -128 128 128
-128 128 -128 128 -128 128 -128 128 384 -128 -128 128 -128 128 128 384
-128 -128 128 -128 128 -128 -384 128 128 128 128 -128 128 -128 384 -128
128 128 -128 128 128 128 -128 128 -384 128 -384 128 128 128 -128 -128
128 -128 128 -128 -128 128 128 384 -128 -128 -128 -128 128 -128 -128 -384
128 -128 128 -128 128 128 -384 128 128 -128 -128 -128 128 128 -128 -128
128 128 -128 128 128 128 128 384 -128 128 128 128 128 -128 384 -128
128 128 128 128 128 128 -128 128 -128 -384 -128 -384 -128 128 128 128
128 128 -128 128 -128 128 128 -128 -128 128 128 -128 -128 -384 -128 -384
128 -128 128 128 128 -128 -128 128 128 -128 128 128 -128 -384 128 -128
-128 -128 128 128 128 -128 128 384 -128 -128 128 128 128 -128 384 -128
-128 128 -128 128 -128 128 -128 -128 128 384 128 -128 128 384 128 -128
128 128 -128 128 -128 128 384 -128 128 128 -128 128 128 -128 -384 128
128 -128 128 -128 384 -128 128 128 -128 128 128 128 -128 -128 -128 -128
-128 -128 128 -128 128 128 -384 128 128 128 128 -128 128 -128 384 -128
-128 -128 128 -128 -128 -128 -128 128 128 -128 128 -128 -128 -128 -128 128
128 128 -128 -128 -128 -128 128 128 128 -128 -384 128 128 -128 -128 128
128 128 128 -128 128 128 -128 128 -128 -128 128 -128 -128 -128 128 384
-128 128 -128 -128 128 384 128 128 -128 128 -128 -128 128 -128 -128 128
-128 128 -128 128 -128 -128 -128 128 128 -128 128 128 -128 128 -128 -128
128 -128 -128 128 -128 128 -128 128 128 128 -128 128 384 -128 128 384
-128 128 -128 -128 -128 128 -128 -128 -384 128 128 -128 -384 128 -128 -128
-128 -128 -128 -128 128 128 128 128 -128 128 -384 128 128 384 128 -128
-128 -128 -128 -128 128 128 -384 128 128 128 -128 128 -128 -128 -128 -384
-128 128 128 128 128 128 128 -128 -128 -384 -128 128 128 -128 384 -128
-128 -128 128 128 -128 128 -128 128 -384 128 384 -128 -128 128 128 128
128 128 128 -128 -128 -128 -128 128 128 -128 128 -128 -128 -384 -384 128
128 -128 128 -128 -128 -128 -128 -128 -128 128 384 -128 -384 128 128 -128
128 128 -128 -128 -384 128 -128 -128 -128 -128 -128 -128 -128 128 128 -128
-128 128 -128 128 -128 128 384 -128 128 128 128 -128 -128 128 128 128
-128 -128 -128 128 128 -128 -128 -128 128 384 -128 -128 -128 128 128 128
-128 -128 384 -128 128 -128 128 -128 128 -128 128 -128 128 128 -128 128
384 -128 128 128 -128 128 128 128 128 128 128 -128 128 -128 -128 -128
-128 -128 128 128 128 -128 128 128 128 384 -128 128 -128 -128 -128 -384
128 -128 128 128 -128 128 -384 128 -128 -128 -128 128 -128 128 128 128
-128 128 -128 128 128 128 128 -128 128 -128 -384 128 -128 -128 -128 -384
128 128 128 -128 -128 -128 -128 128 -384 128 128 -128 128 384 128 -128
-128 -128 128 128 -128 128 -128 128 128 128 128 384 -128 128 384 -128
128 128 128 -128 -128 -128 -128 128 128 128 -128 -384 -128 -128 -128 -384
-128 -128 128 -128 128 128 128 128 -384 128 128 384 128 128 128 128
128 128 -128 128 -128 128 128 128 128 -128 128 -128 -384 128 128 384
128 -128 128 128 128 128 128 -128 -128 -384 -384 128 128 128 128 -128
-128 128 128 128 128 -128 -128 -128 128 -128 128 128 384 -128 128 384
128 -128 -128 128 128 -128 -128 -128 384 -128 -384 128 128 -128 128 128
-128 -128 -128 128 -128 -384 -128 -128 128 -128 -128 128 -128 128 128 -128
-128 128 128 -128 -384 128 128 128 128 128 128 -128 128 -128 -128 128
-128 -128 -128 128 128 -128 128 -128 128 -128 128 -128 128 -128 128 -128
-128 128 128 -128 384 -128 128 128 -128 -128 128 -128 128 128 -128 128
128 -128 128 -128 128 128 -384 128 -128 128 -128 128 128 128 -384 128
128 -128 128 -128 128 -128 -128 -128 -128 -128 128 384 -128 -128 -128 -128
128 -128 384 -128 -128 -128 -128 128 128 128 -128 128 -128 128 128 -128
-128 -128 384 -128 -128 128 128 128 128 128 128 128 -128 128 -128 -128
-128 128 -128 128 -128 128 384 -128 -128 128 128 -128 -128 128 -128 -384
128 -128 -128 128 128 128 128 -128 -128 -128 128 -128 384 -128 128 128
-128 -128 -128 128 128 -128 -128 -128 128 384 384 -128 128 -128 128 128
128 384 128 -128 -128 -128 -128 128 -128 128 -128 128 128 -128 -128 128
128 -128 -128 -128 -128 -128 -128 128 -128 -128 384 -128 -128 -128 128 384
128 -128 -128 -128 -128 128 128 -128 384 -128 -128 128 128 128 -128 -128
-128 -128 128 -128 -128 128 128 128 128 -128 128 -128 128 -128 128 128
128 -128 -128 -128 -128 128 -128 -384 -128 128 -128 -128 -128 -128 -128 -128
128 128 128 128 -128 -128 -128 128 128 128 -128 -128 -128 -128 128 128
-128 -128 -128 128 -128 128 128 384 128 -128 128 -128 128 -128 128 128
128 -128 -128 -128 -128 128 128 128 -128 -128 -128 128 128 128 -384 128
128 128 128 128 -128 128 -128 -128 -128 -128 -128 -384 128 128 -128 -384
128 -128 128 -128 128 128 -128 -128 128 128 384 -128 128 -128 -384 128
-128 128 -128 128 -128 -128 128 384 128 128 128 128 -128 -128 -128 -128
128 -128 -128 128 128 384 128 128 -128 -128 128 -128 -128 -128 128 128
128 -128 -128 -128 128 128 128 128 128 -128 -128 -128 -128 -384 -128 -128
128 -128 -128 -128 -128 -128 128 384 128 -128 128 -128 128 128 -128 -384
-128 128 384 -128 128 128 -128 128 -128 128 -128 -128 128 -128 -128 128
128 128 -128 -128 -128 -128 128 128 -128 128 128 -128 128 384 -128 128
128 -128 128 128 128 -128 128 -128 128 128 -128 128 128 128 128 384
-128 -128 -384 128 -128 -128 -128 -128 -128 128 128 128 -128 128 128 128
-128 -128 -128 128 384 -128 128 128 128 128 128 128 -128 128 -128 -128
128 128 128 128 128 -128 128 128 -128 -384 128 -128 -128 128 128 128
128 128 128 -128 -128 -128 128 -128 128 -128 384 -128 128 128 -384 128
128 128 -128 -128 -128 128 128 128 -384 128 -128 128 384 -128 -128 -128
128 -128 -128 -128 128 -128 -128 -128 -128 128 128 128 128 128 -384 128
128 -128 -128 128 -128 128 128 -128 -128 -128 -128 -384 128 384 -128 128
-128 128 -128 -128 128 128 -128 128 128 -128 -384 128 -128 128 128 128
128 128 128 -128 -128 -128 128 384 128 128 128 128 -128 128 -128 -384
-128 128 -128 128 -128 -128 128 384 -128 128 128 128 -128 -128 -128 128
128 -128 -128 128 -128 -128 128 -128 128 128 128 128 -384 128 -128 128
-128 -128 128 128 128 128 -128 -128 -128 -128 128 128 -384 128 -128 -128
-128 -128 -128 128 128 -128 128 128 128 128 384 -128 -128 128 128 384
-128 128 -384 128 128 128 -128 128 -128 128 128 128 128 -128 128 128
-128 128 128 -128 -128 128 128 -128 128 -128 128 128 -128 128 128 384
-128 128 128 128 128 128 128 128 128 128 -128 128 128 128 128 -128
-128 128 128 128 -128 128 128 128 384 -128 -128 -128 -384 128 128 -128
-128 -128 128 128 128 128 384 -128 128 128 128 128 -128 128 128 384
-128 -128 -128 -128 128 128 128 -128 128 128 -128 -384 -128 -384 128 128
384 -128 128 128 128 128 128 128 -128 -128 -128 -128 128 128 128 128
128 128 -128 -128 128 128 -128 -128 -384 128 128 -128 128 384 128 128
-128 -128 128 128 -128 -128 128 128 -128 128 128 -128 -128 128 -128 -128
128 -128 128 128 -128 -128 -128 -128 128 128 -128 -128 -128 -384 128 -128
-128 128 -128 -128 128 128 128 -128 128 -128 128 -128 128 384 -128 -128
-128 128 128 128 -128 128 128 -128 128 -128 -128 -128 -128 128 -128 -128
-128 128 128 128 -128 128 128 -128 128 128 128 128 128 128 -128 -384
128 384 -128 -128 128 128 -128 -128 128 -128 128 128 -128 -128 -128 -128
128 -128 128 128 128 -128 -128 128 -128 -128 -128 -384 128 -128 384 -128
128 -128 -128 -128 128 -128 -128 128 384 -128 128 -128 -128 128 -128 -128
-128 -128 128 128 -128 128 -128 -128 -128 -128 -384 128 128 -128 384 -128
128 128 -128 128 -128 128 -128 128 128 128 128 -128 128 -128 -128 -128
128 -128 128 128 -128 -128 128 128 -384 128 -384 128 128 128 128 128
128 128 -128 128 -128 -128 384 -128 -128 -128 128 -128 128 -128 128 128
128 -128 -128 128 -128 128 128 -128 128 -128 -128 128 384 -128 384 -128
-128 128 128 128 -128 128 -128 128 -384 128 -128 128 128 -128 -128 128
128 128 -128 -128 -128 -128 128 384 128 128 -128 128 128 -128 -128 -384
-128 -128 -128 -128 -128 128 -128 -128 -128 -128 384 -128 128 128 384 -128
-128 128 -128 -128 128 -128 -128 -128 128 128 -128 128 -128 -128 -128 -384
128 -128 128 -128 -128 128 -128 -128 -128 -384 128 384 128 128 128 -128
128 -128 128 -128 128 128 -128 -384 -128 128 -128 128 128 128 -128 -384
128 -128 128 -128 128 -128 -128 -128 -128 128 -128 -384 128 128 384 -128
-128 -128 -128 128 -128 -128 128 128 128 128 -128 128 128 -128 -128 -384
-128 128 -128 128 -128 -128 -128 -128 -128 -384 -128 128 128 -128 128 384
128 -128 128 -128 128 -128 -128 -128 128 -128 -128 128 -128 -384 128 128
128 128 -128 128 -128 -128 128 -128 -128 -384 128 -128 -128 128 128 384
128 -128 -128 -128 128 128 -128 128 128 128 384 -128 -128 128 128 -128
128 128 128 128 128 128 128 128 -128 -128 128 -128 -128 -128 -128 128
-128 -128 -128 128 -128 128 128 128 128 384 -128 -384 128 128 128 128
-128 128 -128 128 -128 128 128 128 -128 128 128 128 128 -128 128 128
-128 128 -128 -128 -128 128 128 128 -128 128 384 -128 128 -128 -128 -384
-128 128 128 128 -128 128 384 -128 -128 -128 128 -128 128 -128 -128 -384
-128 -128 -128 128 -128 128 128 -128 -128 128 128 -128 128 384 128 128
-128 -128 128 -128 -128 -384 128 128 128 -128 128 -128 128 128 128 -128
128 128 128 -128 128 -128 128 128 -128 128 -128 128 128 128 -128 -384
128 384 -128 -128 -128 128 -128 128 -128 -128 128 128 128 -128 -128 -128
-128 128 384 -128 128 128 -128 128 -128 -128 128 -128 128 -128 -128 128
128 128 -128 128 -128 128 128 128 384 -128 128 384 -128 128 128 -128
128 128 128 128 128 128 128 128 -128 128 -128 128 128 -128 384 -128
-128 -128 -128 -128 -128 -128 128 -128 128 384 128 128 128 128 128 384
128 128 -128 -128 128 128 -128 128 -128 -384 128 -128 -384 128 -128 -128
-128 128 -128 128 -128 128 -128 -128 -128 -384 -384 128 128 128 -128 -128
-128 128 -128 128 128 384 128 128 128 128 -128 -128 -128 -128 128 -128
128 384 -128 -128 -128 -128 128 -128 -128 -128 -128 128 -128 -128 -128 -128
-128 128 128 128 128 128 128 128 -384 128 -128 128 128 -128 -128 -384
128 128 128 -128 -128 -128 128 128 128 -128 -128 -384 128 -128 -128 -128
-128 128 128 -128 128 128 128 384 128 128 -128 -128 -128 128 -128 -128
128 128 128 -128 -128 -128 -128 -128 128 -128 -128 128 128 -128 128 128
128 -128 -128 -128 128 -128 128 -128 -128 -128 128 -128 -128 128 -128 -128
-128 128 -128 -128 -128 -128 128 384 128 128 128 128 128 -128 128 128
-128 -128 -128 128 128 128 128 128 128 -128 -128 128 -128 -384 128 128
-128 128 128 -128 -128 -128 -128 128 128 128 -384 128 128 -128 -128 -128
-128 -128 128 128 128 384 -128 -128 -128 128 -128 -128 -128 128 128 -128
128 128 -128 128 -128 -128 128 -128 128 128 384 -128 -384 128 -128 128
128 128 -128 -128 -128 128 128 -128 128 128 -128 -128 128 -128 -128 -128
-128 128 384 -128 -128 -128 128 -128 128 -128 -128 -128 128 -128 128 128
128 -128 128 128 -128 128 -128 128 -384 128 -128 128 128 128 -384 128
128 -128 128 384 128 128 -128 -128 128 128 128 -128 128 128 -128 -128
384 -128 128 -128 128 -128 128 -128 128 -128 128 -128 128 128 128 -128
-128 -128 128 128 -128 128 -128 128 -128 128 -128 -128 -384 128 -128 128
-128 128 128 128 -128 -384 128 -128 -128 -128 128 -128 -128 128 128 128
-128 128 128 128 -128 128 -128 128 384 -128 128 384 128 128 128 128
128 128 -128 -128 128 128 -128 -128 -128 -384 -128 128 128 -128 -384 128
128 128 128 128 128 -128 -128 128 384 -128 128 -128 -128 -128 -128 -384
-128 128 -128 128 -128 128 -128 128 128 -128 128 -128 -128 -128 128 128
-128 128 -128 128 128 128 -128 128 128 128 -128 128 -384 128 -384 128
384 -128 128 128 128 -128 -128 128 -128 128 128 -128 128 128 128 128
128 -128 -128 -128 -128 128 -128 128 128 128 128 -128 -128 -128 -128 -128
-128 128 128 128 128 128 128 128 128 384 128 128 128 -128 -128 128
-384 128 128 -128 128 -128 128 128 128 -128 128 128 -128 -128 -128 128
128 -128 128 -128 128 128 -128 -128 128 128 -128 128 -128 -128 128 -128
128 -128 -128 128 -128 -384 128 -128 128 -128 -128 -128 128 128 128 -128
-128 128 128 128 -128 -128 -128 128 128 128 -128 128 384 -128 -384 128
128 128 -128 128 -128 128 384 -128 128 -128 -128 128 -128 -128 384 -128
-128 128 -128 128 128 128 -128 128 -128 -128 -128 128 128 -128 128 384
-128 -128 -128 -128 128 128 -128 -128 -384 128 128 128 384 -128 -128 -128
128 -128 128 -128 -128 -128 128 128 -128 128 -128 128 128 384 -128 -384
-128 128 128 128 128 128 128 128 128 -128 -128 128 128 -128 -128 -128
-128 -128 128 128 128 -128 128 128 -128 -128 384 -128 128 128 384 -128
128 128 128 -128 128 -128 -384 128 -128 -128 128 128 -128 128 -128 -384
-128 128 128 -128 -128 128 128 -128 -384 128 -128 -128 384 -128 -128 128
-128 -128 128 -128 128 -128 384 -128 -128 128 128 -128 -128 -128 -384 128
-128 128 -128 128 128 128 -128 -128 -384 128 128 384 128 128 128 128
-128 128 128 128 128 128 -128 128 -128 -384 128 128 -128 -384 128 128
-128 -128 128 -128 -128 128 -384 128 -128 -128 128 -128 128 128 128 -128
-128 -128 -128 -128 -128 128 128 128 -128 128 -128 128 128 128 128 384
128 128 128 128 128 384 -128 -128 128 128 -128 -128 128 -128 -128 -128
128 -128 -128 -128 128 128 -128 -128 128 384 128 -128 128 128 128 384
-128 -128 384 -128 128 -128 128 128 -128 -128 128 128 -128 -128 128 128
-128 -128 -128 128 128 -128 128 128 128 128 384 -128 -384 128 128 128
128 -128 -128 128 128 -128 -128 128 -128 128 -128 -128 128 384 128 384
384 -128 128 -128 -128 -128 -128 128 -128 128 -128 128 -128 -128 -128 -128
128 384 128 -128 128 -128 128 -128 128 128 -128 128 -128 -128 128 -128
-128 128 128 128 128 128 -128 128 -128 128 128 -128 -128 -128 -128 -128
-384 128 -128 -128 -128 -128 128 128 128 128 128 128 128 -128 128 128
128 128 128 128 -128 128 -128 -128 128 -128 128 -128 -128 -384 -384 128
-128 -128 128 -128 128 -128 -384 128 -128 -128 -128 -128 -128 128 -128 -128
128 -128 128 -128 -128 128 -128 -128 -384 128 128 128 -128 128 128 -128
128 384 -128 -128 -128 -128 -128 128 128 -128 128 128 128 128 -128 128
128 128 128 128 -128 -128 128 128 -128 -128 -128 128 128 384 -128 128
128 -128 -128 128 128 -128 128 -128 -128 -128 128 384 -128 -384 -128 128
-384 128 -128 128 128 -128 -128 128 128 128 -128 128 -128 128 128 128
128 -128 128 -128 -128 128 128 -128 -384 128 -128 128 -384 128 -128 128
-128 128 128 384 -128 -128 -128 128 128 128 -128 128 -128 -128 -128 -128
128 -128 -128 -128 128 128 128 128 -128 -384 -128 -128 128 -128 128 -128
128 128 -128 128 -128 -128 -128 -128 -128 128 -128 128 128 -128 -128 128
-128 128 128 128 128 -128 128 -128 384 -128 128 128 -128 128 128 128
128 128 -128 -128 128 128 128 -128 384 -128 128 -128 128 -128 128 -128
128 -128 128 128 128 -128 128 -128 128 128 -128 -384 128 128 -128 -128
-128 128 -128 -128 128 128 -128 128 128 -128 -128 128 -384 128 128 384
-128 -128 128 128 -128 128 128 -128 -128 128 -128 -128 -128 128 128 -128
-128 128 128 -128 128 -128 -128 128 -128 128 -128 -384 -128 -384 128 128
-128 -128 128 128 128 128 -128 -128 128 -128 -128 128 128 128 -128 128
-128 -128 128 -128 128 -128 128 -128 -128 128 -384 128 -128 -384 128 -128
128 -128 128 384 -128 128 128 -128 128 128 -128 128 -128 128 -128 -128
-128 -128 128 -128 128 128 -128 128 -128 -128 -384 128 -128 128 -128 -384
128 -128 -128 -128 128 128 128 -128 -128 -384 128 128 -384 128 128 -128
128 128 128 -128 -128 128 128 128 128 -128 384 -128 -384 128 -128 -128
-128 128 128 128 -128 128 -128 -128 -384 128 384 -128 -128 128 128 128
-128 128 128 128 -128 128 -128 128 128 128 128 128 -128 -384 128 384
-128 -128 -128 -128 -128 128 128 -128 128 384 -128 -128 -384 128 128 -128
-384 128 -128 -128 -128 128 -128 -128 128 128 128 128 128 -128 128 -128
-128 -128 384 -128 -128 -128 -128 -128 128 -128 128 128 -128 128 128 128
128 -128 -128 -128 -128 -128 -128 -128 -128 -128 -384 128 -128 -384 128 -128
-128 128 128 128 128 -128 -128 -128 128 128 -128 128 128 -128 -384 128
128 -128 128 128 128 -128 128 -128 384 -128 -128 -128 128 -128 128 -128
384 -128 128 128 128 128 -128 128 128 -128 128 -128 -128 128 128 128
-128 -128 128 128 -128 128 128 -128 384 -128 128 128 -384 128 -128 128
-128 -128 -128 -128 128 -128 -128 128 128 128 -128 -384 384 -128 128 128
-128 -128 -128 -128 -128 -128 -128 128 128 128 -128 128 128 128 -384 128
128 128 -128 -128 -128 128 -128 128 -128 128 128 384 128 128 128 128
-128 128 128 -128 128 128 -128 -128 128 384 -128 -384 -128 -128 -128 -128
128 -128 128 128 128 128 128 -128 384 -128 -128 -128 -128 128 384 -128
-128 -128 128 128 128 -128 128 -128 128 128 128 384 384 -128 -128 -128
128 -128 128 128 -128 128 -128 -384 -128 128 128 -128 -128 128 -128 128
128 128 128 128 128 -128 -128 128 384 -128 -128 -128 384 -128 128 128
-128 -128 128 -128 -384 128 -128 -128 -128 128 -128 -128 -128 128 -128 128
128 128 128 128 128 -128 -128 128 -128 -384 -128 -128 -128 -128 -384 128
384 -128 -128 128 128 -128 -128 128 128 -128 128 -128 -128 -128 128 -128
-128 128 -128 -128 128 128 -128 128 128 128 128 384 -384 128 -128 -128
-128 -128 -128 128 128 -128 128 128 128 128 128 -128 384 -128 128 128
-128 -128 128 -128 128 128 -128 -128 -128 128 -128 128 -128 128 128 384
-128 -128 -128 128 128 -128 -128 128 -128 128 -128 -384 384 -128 -128 128
128 128 -128 -128 -128 -128 128 128 -128 -128 128 -128 128 -128 -128 -384
-128 128 128 -128 128 128 128 128 -128 -128 128 384 -128 -128 -128 128
-128 -128 -128 128 128 -128 128 128 128 -128 -128 -384 -128 128 128 128
-128 -128 -384 128 128 -128 128 128 128 -128 -128 128 -128 128 -128 -128
-128 -128 128 -128 128 -128 -128 128 -128 -128 128 128 -384 128 -128 -128
-128 -128 -128 128 128 -128 128 -128 384 -128 128 128 384 -128 128 -128
128 128 128 -128 -128 128 -128 128 384 -128 128 -128 384 -128 -128 -128
-128 -128 -128 -128 128 128 128 128 -128 -384 128 128 -128 -128 -128 128
384 -128 128 -128 -128 -128 -128 -128 128 128 128 128 128 128 128 128
-128 128 128 128 128 128 -128 -128 -128 128 128 384 128 128 -128 -384
-128 -128 128 -128 128 128 -128 -128 -128 -384 128 128 128 -128 128 128
-128 128 -128 -128 -128 -128 -128 128 -128 -384 -128 -128 128 128 128 128
-128 128 128 -128 -128 128 384 -128 -128 128 128 128 -128 128 128 -128
128 -128 128 -128 -128 -128 128 -128 -128 128 384 -128 128 -128 -128 128
128 128 128 128 128 -128 128 384 128 -128 -128 -128 128 128 -128 128
128 -128 128 128 128 -128 -128 128 128 128 -384 128 -128 -128 -384 128
128 128 -128 128 -128 -128 128 128 -128 128 384 -128 128 -128 128 -128
128 -128 -128 128 -128 -128 -128 -128 -128 128 128 -128 128 384 128 -128
128 128 -128 -128 128 128 128 -128 384 -128 128 384 -128 -128 128 -128
128 128 128 -128 -128 128 128 128 -128 -384 -128 -384 -128 -128 -128 128
128 128 -128 -128 384 -128 -128 128 -128 -128 -128 128 128 128 128 -128
128 128 -128 128 128 128 -128 -128 384 -128 128 384 128 -128 -128 -128
-128 -128 384 -128 128 128 -128 128 -128 -128 128 -128 128 128 -128 128
128 128 -128 -128 128 128 -128 -384 -128 128 -128 -128 -128 128 -128 128
-128 128 -128 128 128 -128 128 128 128 384 384 -128 128 128 128 -128
128 384 128 128 -128 128 128 -128 128 128 128 128 -128 128 -128 128
-128 128 128 128 -128 -128 -128 128 384 -128 128 -128 128 -128 128 128
-384 128 -128 -128 -128 -128 -128 128 128 128 -128 -128 -128 -128 128 128
-128 -128 -128 -128 128 -128 -128 -384 -128 -128 128 128 128 128 128 -128
-128 128 128 -128 -128 128 -128 -128 128 128 384 -128 128 -128 -384 128
128 128 128 128 128 128 128 -128 -384 128 384 -128 -128 128 128 -128
128 -128 128 -128 128 -128 128 -128 -128 128 128 128 128 128 384 -128
-128 128 -128 128 128 128 -128 -128 128 384 128 -128 -128 -128 -384 128
128 -128 128 128 128 -128 -128 128 -128 -128 -384 128 128 -128 -128 -128
128 -128 -128 -384 -128 -128 -128 128 -128 -128 -128 128 128 128 -128 128
-128 128 -128 128 128 128 128 -128 128 128 -128 -128 -384 128 384 -128
128 128 128 384 128 -128 128 -128 -128 128 128 -128 128 128 128 -128
-128 128 -128 128 128 -128 -128 128 384 -128 128 128 -384 128 -128 -128
-128 128 -128 128 128 -128 -128 128 -128 -128 128 128 128 128 -128 -128
128 -128 128 128 128 -128 128 -128 -128 128 384 -128 -128 -128 -384 128
128 -128 -128 128 128 128 128 128 384 -128 -128 128 128 -128 -384 128
-128 -128 128 -128 128 128 128 128 -128 128 -128 128 -384 128 128 384
-128 -128 128 -128 128 128 -128 128 -128 128 384 -128 128 128 -128 128
-128 -128 128 128 -128 128 128 -128 -128 128 -128 128 -128 -384 -128 -128
128 -128 128 -128 -128 -128 -128 -384 -128 -128 128 -128 -128 128 384 -128
128 -128 128 128 -128 128 128 128 128 -128 -128 -384 128 -128 -128 128
128 384 -128 -128 128 128 -128 -128 128 128 128 128 128 -128 -128 128
128 -128 128 -128 -384 128 -128 128 128 128 -128 128 -128 128 -128 -128
-128 -128 128 -128 -128 -128 -128 128 128 128 128 128 -128 -128 -128 -384
-128 -128 -128 128 -128 128 128 128 -128 128 128 128 -128 -128 128 -128
128 128 -128 -128 128 -128 -128 -128 -128 -128 384 -128 128 384 128 128
128 128 128 128 -128 -128 128 -128 384 -128 -128 -128 -128 128 -384 128
128 128 -128 128 -128 -384 -128 -128 128 -128 128 128 -128 -128 128 128
-384 128 128 128 128 -128 -128 -128 -128 128 128 -128 128 128 -128 -128
128 -128 128 128 -128 -128 -384 128 128 128 128 128 128 128 128 384
-128 128 128 384 -128 128 128 -128 -128 128 -128 128 -128 -128 128 -128
-128 -384 -128 128 128 -128 -128 -128 128 -128 -128 128 -128 128 128 -128
128 128 -128 -128 128 128 384 -128 128 -128 -128 -128 128 128 128 128
128 -128 128 -128 128 -128 -128 128 -384 128 -384 128 128 128 128 128
-128 -128 128 128 128 128 -128 128 -128 -128 -128 -384 -128 -384 -128 -128
128 128 -128 128 128 128 -128 128 -128 128 -128 128 -128 128 -128 -384
128 128 -128 -384 -128 -128 -128 -128 128 128 -128 128 128 -128 128 128
-128 128 128 128 -128 128 -128 -384 -128 -128 128 -128 -128 -128 384 -128
-128 -128 -128 -128 128 -128 -128 -384 -128 128 128 128 -128 -128 128 -128
128 128 -128 128 -128 -128 128 128 -128 -128 -128 -128 384 -128 128 384
128 -128 128 128 -128 -128 128 -128 -128 -128 384 -128 128 128 -128 -128
-128 -128 -128 128 -128 128 128 -128 -128 128 128 -128 -128 -384 -128 -384
-128 128 128 -128 -128 128 128 -128 -128 -384 -128 -128 128 384 128 -128
128 128 -128 -128 128 128 128 384 128 128 -128 -128 128 -128 384 -128
128 128 128 128 128 -128 -384 128 128 -128 128 -128 -128 128 384 -128
-128 128 -128 128 128 -128 128 384 -128 -128 128 -128 -128 -128 -128 128
-128 -128 128 -128 128 -128 -128 128 128 -128 384 -128 -128 -384 -128 -128
-128 128 -128 128 384 -128 -128 -128 128 128 128 128 128 128 -128 128
384 -128 -128 -128 128 -128 128 128 -128 128 128 128 -128 -128 -128 128
128 128 128 -128 -128 128 128 -128 -128 -384 128 128 128 -128 384 -128
128 128 -384 128 128 -128 128 128 -128 128 -128 128 128 128 128 -128
-128 128 -128 128 -128 128 -128 -128 -384 128 128 128 -128 -128 -128 -384
-128 128 128 128 128 -128 128 -128 128 128 128 -128 -384 128 128 384
-128 -128 128 -128 -128 128 -128 128 -128 128 -384 128 -128 128 128 -128
128 -128 -128 -128 128 -128 128 -128 384 -128 -128 -384 128 -128 -128 128
128 128 128 128 128 128 -128 -384 128 -128 -128 128 128 -128 128 384
128 128 -128 -128 -128 128 128 -128 384 -128 128 -128 -128 -128 128 128
128 128 128 128 128 128 -128 128 -128 -128 128 -128 -128 -128 -128 -384
128 -128 -128 128 128 -128 -128 -384 128 128 128 -128 128 -128 -128 -128
-128 -128 -384 128 128 128 -128 -128 -128 -128 128 128 -128 -128 128 -128
128 -128 -128 128 -128 128 -128 -128 -384 128 -128 -128 128 -128 -128 128
-128 128 128 128 -128 128 -128 -128 -384 128 -128 -384 -128 -128 128 128
128 384 -128 -128 -128 128 -128 128 -128 -128 128 -128 -128 -128 -128 -128
-128 128 -128 128 -128 -128 -128 -128 -128 -128 128 -128 128 384 128 128
128 128 128 128 -128 128 128 384 -128 -128 -128 128 -128 128 -128 -128
-128 128 128 128 -128 128 128 128 -128 -128 128 -128 -384 128 128 128
128 128 -128 -128 -128 -128 -128 128 -128 -384 128 384 128 -128 -128 -128
128 128 -128 128 128 -128 128 -128 -128 -384 128 -128 128 -128 384 -128
128 128 128 -128 384 -128 128 128 128 128 -128 128 128 128 -128 -128
-128 128 -128 128 -128 128 -128 128 -128 128 128 128 128 384 384 -128
128 384 128 -128 -128 -128 -128 128 128 128 -128 -128 -128 -128 -128 128
128 128 -128 128 -128 -128 -128 128 -128 128 128 384 128 -128 128 -128
128 -128 -128 128 128 128 -128 -128 128 -128 384 -128 128 -128 128 -128
-128 -384 128 -128 128 -128 -128 128 -128 -128 128 128 128 128 -128 128
-384 128 -128 128 -128 -128 -128 -128 128 -128 -128 128 128 128 128 128
-128 -128 -128 -128 -128 128 -128 -128 128 -128 384 -128 -128 128 -384 128
128 -128 128 -128 128 128 384 -128 128 128 -128 -128 -128 128 128 384
-128 128 -128 128 128 128 -128 128 -128 -128 128 -128 128 384 384 -128
128 384 128 -128 128 -128 -128 128 -128 128 -128 -128 -128 -128 128 -128
-128 -128 128 128 128 -128 128 -128 128 128 384 -128 -128 -384 128 128
128 -128 128 -128 -128 -128 128 384 128 128 -128 -128 -128 -128 384 -128
128 -128 -128 -128 128 128 128 -128 -128 -128 -128 -128 128 384 -128 -384
128 -128 -128 -128 -128 128 -128 128 128 -128 -384 128 128 -128 -128 -128
-128 -128 -128 -128 -128 128 -128 -128 384 -128 128 128 384 -128 -128 128
128 128 128 -128 128 -128 -128 128 -128 -384 -384 128 -128 128 128 128
128 128 128 128 -128 -128 -128 128 384 -128 384 -128 -128 128 128 -128
-128 -128 -128 128 128 128 -128 -128 -128 -384 128 128 384 -128 -128 128
-128 -128 128 -128 -128 128 -128 128 -128 -128 384 -128 -384 128 -128 -128
-128 128 -128 128 128 -128 -128 128 128 128 384 -128 384 -128 -128 -128
-128 128 128 128 -128 -128 128 -128 128 128 -128 -128 128 -128 384 -128
128 128 -128 -128 128 -128 -128 -128 128 -128 -128 -128 -128 128 128 384
-128 128 128 -128 128 -128 128 128 -128 128 -128 128 128 -128 -128 -128
128 -128 128 128 -128 -128 128 -128 128 384 128 384 -128 -128 -128 128
-128 128 128 128 -128 -128 128 128 384 -128 -128 -128 -128 128 128 384
128 -128 128 -128 -384 128 -128 128 -128 -128 128 -128 128 -128 128 128
128 128 -128 128 -128 -128 -128 -384 128 128 -128 -128 -128 128 -128 -128
128 128 128 128 128 384 128 -128 128 -128 -128 128 -128 128 128 128
-128 -128 -128 128 -128 128 -128 128 128 -128 -384 128 128 128 -128 -384
128 -128 -128 -128 128 128 -128 -128 -128 -128 128 384 384 -128 -128 -128
-128 -128 128 -128 128 -128 128 128 128 128 -384 128 384 -128 -128 -128
128 128 -128 128 128 128 -128 -128 128 128 -128 -384 128 128 128 128
-128 128 128 -128 -128 -128 128 -128 -128 128 -128 128 -384 128 -128 -128
-128 -128 -128 128 -128 128 384 -128 -128 128 128 128 -128 -128 128 384
128 128 -128 -128 128 -128 -128 -128 -128 128 128 -128 128 128 128 384
128 -128 -128 -128 -128 128 -128 -128 128 -128 -128 128 128 128 -128 -128
-128 128 128 128 128 -128 128 384 128 128 128 -128 128 128 384 -128
128 -128 -128 -128 128 -128 384 -128 -128 -128 -128 128 -128 128 128 384
128 128 128 128 128 128 384 -128 -128 128 -128 128 -128 -128 128 128
-128 -128 -128 128 -128 128 -128 128 128 384 -128 -128 -128 -128 128 128
128 -128 -128 -128 -128 128 128 -128 384 -128 -384 128 -128 128 128 128
-128 128 -128 128 128 -128 128 128 128 -128 -128 -384 -128 -128 -384 128
128 128 128 128 128 -128 128 -128 128 128 -128 128 128 128 384 -128
128 -128 128 -128 128 -128 384 -128 128 128 128 -128 128 128 -128 128
128 -128 -128 -128 -128 128 -128 128 384 -128 128 128 -384 128 -128 128
-128 -128 -128 -128 -128 -128 128 128 384 -128 -128 128 -128 128 128 -128
-128 -128 384 -128 128 128 128 128 128 128 128 128 128 128 128 -128
128 128 128 128 -128 128 -128 -384 128 128 -128 128 -128 -128 -128 -384
128 384 128 -128 128 128 128 128 -128 -128 -128 -128 128 -128 128 -128
-128 -128 128 -128 -128 128 -128 -384 -128 128 -128 128 -128 128 -128 -384
-128 -384 -128 128 -128 -128 -128 -128 128 128 128 128 128 -128 128 -128
-128 128 -128 128 128 128 -128 -128 128 128 128 -128 -128 -384 -128 128
-128 -128 -384 128 128 128 128 -128 128 -128 128 128 -128 128 128 128
128 128 128 128 -128 -128 -128 128 384 -128 128 128 -128 -128 384 -128
-128 128 128 -128 128 128 128 -128 384 -128 -128 128 -128 -128 128 -128
-128 128 -128 128 -128 -128 128 -128 -128 128 128 -128 128 -128 128 128
128 128 -128 128 384 -128 -128 128 -128 128 128 -128 -128 128 128 128
-128 128 -128 128 -128 -128 -384 128 -128 -128 128 -128 128 128 128 -128
-128 128 -128 -128 128 128 -128 128 128 -128 -128 -128 128 384 128 -128
-128 -128 128 -128 -128 128 -128 -128 128 128 128 128 -128 -384 -384 128
128 -128 -128 -128 -128 -384 -128 128 128 -128 -128 128 -128 -128 -128 -128
128 128 128 128 -128 -128 384 -128 128 -128 -128 -128 128 -128 128 -128
128 128 128 128 -128 128 128 384 -128 -128 -128 128 -128 -128 -384 128
128 -128 -128 128 -128 128 -128 -128 -128 128 -128 128 -128 128 128 128
128 128 -128 -128 128 128 -128 128 384 -128 384 -128 -128 128 128 128
128 128 128 -128 -128 128 128 128 128 128 128 128 -128 -384 -128 -128
-128 -128 128 -128 128 128 128 -128 -384 128 128 -128 128 128 128 384
-128 -128 -128 -128 -128 128 128 -128 -128 -128 128 128 128 384 128 384
-128 -128 128 128 -128 -128 -128 128 128 -128 128 384 128 -128 -128 -128
-128 128 128 -128 128 128 128 128 384 -128 -128 -128 128 -128 -128 -384
128 -128 128 -128 -128 -128 -128 128 128 -128 -384 128 -384 128 128 128
-128 -128 -128 128 128 -128 128 128 128 384 128 -128 -128 128 128 384
128 128 128 -128 128 -128 128 -128 128 128 -384 128 128 384 -128 128
-128 -128 -128 -128 -128 -128 128 128 128 128 128 -128 128 -128 -128 128
-128 -128 128 128 128 -128 -128 128 128 -128 -128 -128 384 -128 128 128
-128 128 -128 128 128 -128 128 -128 384 -128 128 128 -128 -128 128 128
384 -128 128 128 -128 -128 -128 -128 -128 -128 128 -128 128 128 128 128
128 128 -128 128 128 128 -128 128 -128 -128 384 -128 128 -128 128 384
128 128 128 128 128 -128 -128 -128 -128 128 -128 -128 128 128 -128 -384
-128 128 128 128 128 -128 -128 -128 -128 128 -384 128 -128 -384 128 128
-128 128 128 -128 128 128 384 -128 128 -128 -128 -128 128 -128 128 384
128 128 -128 -128 128 -128 -128 128 -128 128 128 384 -128 -128 128 384
-128 128 128 128 -128 -128 -128 -384 128 -128 128 -128 128 -128 -384 128
-128 -128 -128 128 128 128 -128 128 -128 128 128 128 384 -128 128 128
-128 -128 -128 -128 128 128 -128 -128 -128 -128 384 -128 -128 -128 -128 -384
-128 -128 -128 -128 -128 128 128 -128 -128 -128 -128 128 128 384 -128 -384
128 384 -128 -128 128 -128 -128 -128 128 -128 128 -128 128 -128 128 128
-128 128 -128 -128 128 128 -128 -128 -128 -128 128 128 128 -128 -128 128
-128 -128 128 128 -128 128 128 128 -128 -128 -128 -128 -128 128 -128 -128
-128 128 -128 128 128 -128 -384 128 128 128 -128 -128 128 128 -128 -128
-128 128 -128 -384 -128 128 -128 -128 -128 -128 -128 -128 -128 128 128 -128
128 -128 -128 -128 -128 -128 -128 128 -128 -128 -128 128 128 128 128 384
-128 -384 128 128 128 -128 128 -128 -128 128 128 -128 -128 128 -128 -128
-128 -128 128 -128 -128 128 384 -128 128 -128 128 -128 -128 -128 128 -128
-384 128 -128 -128 -128 -128 128 128 -128 -128 -128 128 -128 128 -128 128
-128 -128 -128 -128 -128 128 384 -128 -128 -128 -128 -128 128 -128 128 -128
128 128 -128 -128 -128 128 128 -128 -384 128 128 128 384 -128 128 128
128 128 -128 128 -128 -128 -128 -128 -128 128 384 -128 128 -128 128 128
128 128 384 -128 128 128 -128 128 -128 128 -128 -128 128 -128 -128 -128
128 -128 -128 128 128 128 -128 128 -128 -128 128 384 -128 -128 384 -128
-128 -128 -128 128 -128 128 128 -128 128 384 128 128 128 -128 128 -128
-128 128 -128 -128 -128 -128 128 384 128 128 -128 -128 -128 -128 384 -128
128 128 128 128 -128 -128 128 -128 -128 -384 -128 -384 128 128 128 -128
128 -128 -128 -128 128 128 -128 -128 -128 -128 384 -128 128 384 128 -128
-128 -128 128 128 -128 -128 128 128 128 128 -384 128 -128 -128 -128 -128
128 -128 -128 128 -384 128 128 128 128 -128 -128 -128 128 128 128 -128
-128 128 128 128 128 -128 -128 128 128 384 128 128 128 128 -128 -128
-128 128 -128 128 -128 -128 -128 -128 128 384 -128 -384 -128 128 -128 -128
-128 -128 128 128 -128 -128 -128 -128 -128 -128 384 -128 -128 -128 -384 128
-128 -128 -128 -128 128 -128 -128 -128 -128 128 128 384 128 -128 -128 128
128 -128 128 128 128 -128 -128 128 -384 128 -128 128 -128 -128 128 128
128 128 128 -128 -128 -128 -128 128 128 -128 128 128 128 -128 -128 -384
-128 128 -128 128 128 128 128 128 -128 -384 128 128 128 -128 -128 128
128 128 128 -128 -128 -128 128 -128 -128 128 128 128 128 128 128 384
-128 128 -128 128 -128 -128 128 -128 128 -128 384 -128 128 128 -128 128
-128 -128 -128 -128 128 -128 128 -128 -384 128 -128 128 -128 128 128 128
-128 128 -128 128 -128 -384 -128 128 128 -128 -128 -128 128 128 -128 128
128 -128 -128 -128 128 128 -128 -128 128 -128 -128 -128 384 -128 -128 -384
-128 -128 128 -128 128 -128 128 -128 128 -128 -128 -384 -128 128 128 -128
-128 128 -128 -128 -128 -128 -128 128 -128 -128 128 -128 128 -128 -128 -128
-128 128 128 -128 -128 -128 -128 -128 128 -128 -128 -384 128 -128 -128 -128
-128 128 -128 128 -128 128 128 128 -128 128 128 128 -128 -384 128 128
128 -128 -128 -128 384 -128 -128 -128 128 128 128 128 -128 -128 128 128
128 -128 128 128 128 128 128 -128 -128 128 -128 -128 128 -128 128 128
-128 128 128 128 128 128 -384 128 -128 -128 128 128 128 -128 128 -128
-128 -128 128 -128 128 128 128 128 -128 -128 -384 128 -128 128 128 384
128 -128 -128 128 -128 128 -128 -128 -384 128 128 128 128 -128 -128 -128
-128 -128 -128 128 128 384 128 -128 -128 -128 -128 -128 -128 -128 -128 128
128 128 -128 -128 -128 128 -128 -128 -384 128 128 128 -128 -128 -384 128
-128 -384 128 -128 -128 -128 128 -128 -128 128 128 128 128 -128 -128 128
-128 128 128 -128 -128 -128 -128 -128 384 -128 384 -128 -128 -128 128 128
-128 128 128 128 128 128 128 -128 128 128 -128 -128 128 384 -128 -384
128 -128 128 384 128 -128 128 -128 128 128 128 -128 128 128 -128 -128
-128 -128 128 128 384 -128 -128 128 128 128 -128 -128 -128 -128 128 128
-128 128 128 -128 -128 128 128 -128 128 128 -128 -384 128 -128 -128 128
128 128 128 128 128 128 -128 128 -128 -384 -128 128 128 384 -128 -128
128 -128 128 -128 -128 128 -128 128 -384 128 -128 -384 -128 -128 128 -128
128 -128 128 128 -384 128 128 -128 128 128 128 -128 128 128 -128 128
-128 128 -128 -128 -128 -128 -128 -384 -128 -128 -128 128 128 -128 -384 128
128 384 128 128 -128 128 -128 -128 -128 -128 -128 -128 -128 -128 128 -128
128 128 -128 -128 128 -128 128 128 -128 -128 -128 -128 -128 -384 128 384
-128 -128 128 -128 128 128 -128 128 -128 -384 -128 128 128 -128 -128 128
-384 128 128 -128 128 -128 -128 -128 -128 128 -128 128 -128 128 -128 128
384 -128 -128 128 128 -128 128 128 128 128 128 128 -128 -128 128 -128
128 128 128 -128 128 128 -128 128 128 -128 -128 -128 384 -128 -128 -384
-128 -128 128 128 -128 128 128 128 -128 -128 128 128 384 -128 128 -128
-128 128 128 128 128 -128 -128 -128 -128 -128 128 -128 128 128 128 384
128 128 -128 -128 -128 -384 128 128 -128 128 128 128 -128 -128 128 128
-128 -128 -128 128 128 -128 128 128 -128 128 128 -128 128 -128 128 384
-128 -128 -128 -128 -128 128 -128 -128 -128 -128 -128 -128 128 -128 -128 128
128 -128 128 -128 -128 -128 -128 -384 128 128 -128 128 -128 -128 128 128
-128 128 128 128 -128 128 -128 -128 -128 -384 384 -128 128 128 128 -128
-128 -128 128 -128 -128 -128 -128 -128 -128 -128 -128 -128 -128 -128 -384 128
-128 -128 128 128 128 128 -128 -384 -128 128 128 128 128 -128 128 384
-128 -128 128 128 -128 -128 -128 128 -128 -128 -128 -128 -384 128 128 384
-128 128 -128 -128 -128 -384 128 128 -128 128 128 -128 128 -128 -128 -128
128 -128 128 128 -128 128 -384 128 128 -128 -128 128 -128 128 128 384
-384 128 128 -128 -128 -128 -128 -128 128 -128 -128 128 128 128 -128 -128
128 -128 128 -128 128 128 384 -128 -128 -128 128 -128 -128 -128 128 128
-128 128 128 128 128 128 -128 -128 -128 128 128 128 128 384 -128 -384
384 -128 -128 128 -128 128 128 128 128 128 128 -128 -128 128 -128 128
-128 -128 128 -128 -128 128 -128 -128 384 -128 -128 -384 128 -128 128 128
-128 -384 -128 -128 128 128 -128 -128 -128 128 -128 128 128 -128 128 128
128 -128 -128 128 128 128 -128 -128 -128 128 128 -128 384 -128 128 128
128 128 -128 -128 -128 128 128 -128 -128 -128 -128 -128 -128 128 384 -128
128 128 128 128 -128 -128 384 -128 128 -128 128 -128 128 -128 128 128
-128 -128 128 -128 128 -128 -128 128 384 -128 -128 -128 -128 -384 -128 128
128 128 128 128 -128 128 -128 -128 128 384 -384 128 -128 128 128 -128
-128 -128 128 -128 -128 -128 -128 128 128 128 128 128 -128 128 128 -128
128 128 -128 -128 128 128 128 128 -384 128 128 128 -128 128 -128 -128
128 128 128 128 -128 -128 128 -128 128 128 -128 -128 -128 -128 -128 128
-128 -128 128 -128 -128 -128 -128 128 -128 128 -128 128 -128 128 384 -128
-128 128 -128 -128 128 128 128 -128 128 -128 128 384 128 128 128 128
128 -128 128 128 128 128 128 128 128 128 384 -128 -128 -384 128 -128
128 128 128 -128 128 -128 -128 -128 128 128 -128 -384 128 384 128 -128
-128 128 -128 -384 -128 128 128 128 128 -128 -128 128 -128 -128 128 128
128 384 -128 128 128 128 128 128 128 128 128 128 128 -128 128 128
-128 -128 -128 -128 -128 128 -128 -128 128 -128 -128 -384 -128 -384 -128 128
-384 128 128 128 -128 -128 -128 128 128 -128 128 -128 -128 128 -128 -128
128 -128 128 128 -128 -128 128 -128 128 128 -384 128 128 -128 -384 128
-128 -128 -128 128 -128 128 128 -128 -128 128 -128 128 128 128 384 -128
-128 -128 -128 -128 128 -128 128 128 128 128 128 -128 -384 128 128 384
-128 -128 -128 -128 -128 -128 -128 128 128 -128 128 384 -128 -128 -128 -384
-128 128 -128 -128 -128 128 -128 128 128 384 128 128 -128 -128 -128 128
128 -128 -128 128 -128 128 128 128 128 -128 128 384 128 128 128 128
-128 -128 -128 -384 128 -128 128 128 128 -128 -128 -128 -128 -128 128 128
128 -128 -128 -128 128 128 128 -128 384 -128 128 128 128 128 -384 128
-128 -128 -128 -128 128 128 -128 -384 128 128 -128 -128 128 128 128 384
-128 128 -128 128 128 128 -128 128 384 -128 128 384 -128 -128 128 -128
128 128 128 -128 -128 -128 128 -128 384 -128 384 -128 128 128 -128 128
128 -128 128 -128 128 128 128 128 128 128 -128 128 -128 -384 -128 -384
-128 -128 -128 -128 128 128 128 -128 128 384 128 -128 -128 -128 128 384
-128 -128 128 -128 128 -128 384 -128 128 -128 -128 -128 128 128 384 -128
-128 -128 -128 128 -128 -128 128 384 -128 -128 -128 -128 128 -128 -128 128
-384 128 -128 -128 -128 128 128 -128 -128 -128 -128 -128 128 -128 -128 128
128 128 128 128 -128 -128 128 128 -128 128 128 128 128 -128 128 128
128 -128 -128 -128 -128 128 128 128 128 -128 -128 -384 -128 -384 128 -128
128 384 -128 -128 -128 -128 -128 -128 -128 128 128 -128 -128 -128 128 -128
128 -128 -128 -128 -128 -128 128 128 -128 128 -128 128 -128 -128 -384 128
128 -128 128 -128 -128 -128 -128 -128 128 -128 -128 -128 384 -128 128 384
128 128 128 -128 -128 128 -128 -128 128 -128 128 128 -384 128 -128 128
-128 -128 -128 128 128 128 128 -128 -128 128 128 128 128 128 128 -128
128 -128 128 128 -128 128 128 128 -128 128 -128 128 384 -128 128 384
-128 128 128 -128 -128 128 128 384 128 128 128 -128 -128 128 384 -128
-128 -128 -128 -128 128 128 -128 128 128 -128 -128 -128 -128 -128 -128 128
-128 -384 -128 -128 128 128 -128 128 -128 -128 -128 -128 128 128 -128 -128
-128 128 128 128 128 -128 -128 128 128 -128 -128 128 128 -128 -128 -128
-128 -128 -128 128 128 128 -384 128 -128 -128 128 -128 -128 128 128 -128
128 -128 128 128 -128 -128 128 128 128 384 -128 -128 -128 128 128 -128
-128 -128 128 128 384 -128 -128 128 -128 128 -128 128 -128 128 128 128
-128 -128 128 -128 384 -128 128 128 -128 128 -128 128 -128 128 128 -128
128 128 128 -128 -128 128 -128 128 384 -128 384 -128 -128 128 -128 128
-128 -128 128 128 128 128 -128 128 -128 128 -128 -384 -128 -128 128 128
128 -128 -384 128 -128 128 128 128 -128 128 -128 128 -128 -128 128 128
128 -128 -128 128 128 128 128 128 128 -128 128 384 -128 -128 -128 -384
-128 -128 -128 128 -128 128 128 128 128 -128 -128 -384 -128 -128 -128 -128
-128 128 -128 128 -128 -128 -128 128 -384 128 128 -128 -128 -128 -128 128
128 128 -128 -128 -128 128 -128 -384 -128 -128 128 -128 -128 -128 -128 -384
-128 -384 -128 128 -128 128 -128 128 -128 128 -128 128 -128 128 -128 128
-128 128 128 128 384 -128 -128 -128 -128 128 -128 128 -128 -128 -128 -128
128 -128 -128 -128 -128 128 384 -128 128 128 -128 128 -128 -128 128 384
-128 128 -128 -128 -128 128 -128 128 128 384 -384 128 128 -128 128 128
128 128 -128 -128 -128 -128 -384 128 128 128 128 -128 128 128 128 -128
128 -128 -128 128 128 -128 128 128 -128 -384 128 128 -128 128 -384 128
128 128 -128 128 -128 128 -128 128 -128 -128 -128 -384 128 -128 384 -128
128 128 -128 -384 -128 128 -128 128 -128 -128 -128 -128 128 128 -128 -128
128 -128 128 128 -128 128 128 -128 -128 -128 -128 128 -384 128 128 384
128 128 128 384 -128 -128 128 128 -128 128 -128 128 -128 -128 128 -128
128 -128 -128 -128 128 -128 -128 128 -128 -384 128 384 -128 128 -128 128
128 -128 -128 -384 -128 128 -128 128 128 128 128 -128 128 -128 -128 128
128 128 384 -128 -128 128 128 128 -128 -128 -128 128 -128 128 -128 -128
-128 -128 128 -128 -128 -384 128 -128 128 -128 -128 128 128 -128 -128 -128
128 -128 -128 128 128 -128 128 -128 -128 128 128 384 128 -128 -384 128
-128 128 384 -128 128 -128 128 128 128 -128 128 -128 -128 -128 -128 128
-128 128 -128 128 128 128 -128 128 384 -128 -128 -128 384 -128 -128 128
128 128 -128 -128 128 -128 128 128 -384 128 128 128 -128 128 -128 -384
128 128 -128 -128 128 -128 -128 128 -128 -128 128 128 128 384 128 384
128 128 -128 128 128 128 -128 128 128 -128 -128 128 384 -128 128 128
128 -128 -128 128 -128 128 -128 -128 -128 -128 -128 -128 -384 128 384 -128
-128 -128 128 -128 128 -128 -128 -128 -384 128 -128 128 128 128 -128 128
128 128 -128 -128 -128 128 -128 128 128 384 128 128 384 -128 128 -128
-128 128 128 -128 128 128 128 128 -128 -384 -128 128 -128 128 128 384
-128 128 128 128 -128 128 128 -128 -128 -384 -128 128 128 -128 -128 -384
128 128 -128 -128 384 -128 -128 128 128 128 -128 128 128 128 128 128
-128 -128 -128 128 128 128 -128 -128 128 -128 -128 -128 128 384 128 -128
-128 128 -128 -128 -384 128 128 128 128 128 -128 -128 -128 128 -128 -128
-128 -128 128 -128 -128 128 -128 -128 128 128 128 -128 128 -128 128 -128
128 -128 128 128 128 128 -128 -384 -128 -128 -128 128 -128 128 -128 128
-128 128 -128 -128 -128 -128 -128 -128 128 128 128 384 -128 128 384 -128
-128 -128 128 -128 -128 -128 128 128 -128 128 -128 128 -128 -128 128 -128
-128 128 128 -128 -384 128 -128 -128 128 -128 128 128 -128 -128 128 -128
-128 128 128 -128 -128 128 -128 -128 128 384 -128 128 128 128 -128 128
-128 128 128 -128 -128 -128 -128 -128 384 -128 128 -128 384 -128 -128 -128
-128 -128 128 128 -128 -128 128 -128 128 384 128 -128 -128 -384 128 128
128 -128 -128 -128 -128 -128 -128 -128 128 128 128 -128 -128 -384 128 -128
-128 128 -128 -128 -128 128 128 384 -128 -128 128 -128 128 128 128 384
128 -128 128 128 384 -128 128 128 -128 -128 128 -128 -128 128 -128 128
128 -128 -128 -128 128 128 -128 -384 -128 -128 -128 -128 -128 -128 384 -128
-128 -128 -128 128 128 128 -128 128 -384 128 -384 128 128 -128 128 -128
128 128 128 128 128 -128 128 128 -384 128 -128 128 384 -128 128 128
-128 128 128 128 -128 128 128 -128 128 -128 384 -128 128 -128 -128 -128
128 -128 -128 128 128 128 128 -128 384 -128 128 -128 128 128 384 -128
128 -128 128 -128 -128 128 -128 -128 384 -128 -128 128 -128 128 -128 128
-128 128 128 128 -128 -128 -128 128 128 128 -384 128 128 128 128 -128
128 -128 128 128 -128 128 128 128 -128 -128 -384 128 128 128 128 384
-128 128 128 128 -128 -128 -384 128 128 -128 -128 -128 -128 -128 128 128
128 384 -128 128 -128 128 128 128 128 -128 128 128 128 -128 128 128
-128 -128 -128 -128 128 128 128 -128 -128 128 128 -128 -384 128 384 -128
-128 128 -128 128 128 -128 128 128 -128 -128 -128 128 128 -128 -128 -384
-128 -128 128 -128 128 128 -128 -128 -128 -384 -128 -128 128 384 -128 -128
128 -128 -128 128 -128 -384 128 -128 -128 -128 128 -128 128 128 128 128
128 384 -128 -128 128 128 -128 -128 -128 -128 -128 128 -128 -128 128 -128
-128 -128 -128 -128 -128 -128 -128 -128 -384 128 -384 128 -128 -128 -128 128
-128 -128 -128 -128 -128 128 128 -128 -128 128 -128 -128 -128 -384 -128 -384
128 -128 -128 128 128 128 -128 128 128 -128 128 -128 128 -128 384 -128
128 128 -128 -128 128 -128 128 -128 -128 128 -128 128 -128 128 128 384
128 -128 128 128 -128 -128 -128 128 -384 128 -128 -384 -128 -128 -128 128
128 -128 128 -128 -128 -128 128 128 128 128 -384 128 128 128 -128 128
-128 128 128 128 128 128 128 -128 128 128 -128 -384 -128 -128 128 384
128 128 128 -128 -128 -384 128 128 -128 -128 128 128 128 128 128 -128
-128 128 128 128 128 384 128 -128 128 128 -128 128 128 -128 128 128
128 -128 128 -128 -128 128 -128 -128 128 128 -128 -384 128 -128 -128 -384
128 128 -128 -128 -128 -128 -384 128 128 -128 128 128 -128 128 128 -128
-128 128 128 128 -128 128 128 128 -128 128 -384 128 -128 -128 128 384
128 128 128 128 -128 128 -128 -128 128 -128 -384 128 -384 128 128 128
-128 128 -128 128 -128 128 128 -128 -128 -384 128 384 128 128 -128 128
128 128 -128 -128 128 -128 128 128 384 -128 128 -128 128 128 128 128
-128 -128 -128 128 384 -128 128 -128 -128 -128 128 -128 128 128 -128 -128
-128 128 128 128 -128 128 -128 -128 -128 -128 -128 128 -128 -384 384 -128
-128 -128 128 128 384 -128 128 128 -128 128 -128 128 -128 128 -128 -128
128 128 -128 -128 -384 128 128 128 128 -128 -128 128 -128 128 -128 128
128 128 -128 -128 128 -128 128 128 -128 -128 -128 128 -128 -128 -128 -384
-128 -384 128 128 128 -128 128 128 -128 128 128 -128 128 128 128 128
128 -128 -128 -128 128 128 128 -128 128 -128 -128 -128 128 384 128 -128
-128 -128 -128 -384 128 128 -128 128 -128 -128 128 -128 128 128 128 -128
128 -128 128 128 -128 -128 128 128 128 -128 384 -128 128 128 384 -128
128 128 -128 -128 -128 128 -128 -128 -128 128 -128 -128 128 384 384 -128
-128 128 128 128 128 -128 128 -128 128 128 128 128 128 128 384 -128
128 128 128 -128 128 128 128 128 -128 -128 -128 -128 128 128 128 384
-128 -128 -128 128 -128 -128 -128 -128 128 384 128 128 -128 128 128 -128
384 -128 -128 -128 -128 -128 -128 128 128 -128 -128 -128 -128 -128 128 -128
128 -128 384 -128 -128 128 128 -128 128 -128 128 128 -128 -128 -128 -128
384 -128 -128 -128 128 128 128 -128 128 128 128 128 -128 128 -128 128
128 128 128 128 128 128 128 -128 128 128 -128 -384 -128 128 -128 128
-128 -128 128 -128 -128 128 -128 128 -384 128 -128 128 384 -128 -128 -128
-128 -384 128 128 128 -128 -128 128 128 128 -128 128 128 128 -128 128
-128 128 128 -128 -128 128 -128 -128 128 -128 -384 128 -128 128 384 -128
128 -128 128 -128 128 -128 -128 -128 -128 128 128 384 128 -128 384 -128
128 128 128 128 128 128 128 -128 128 128 128 -128 -128 -384 -128 -384
-128 128 128 -128 -128 128 128 -128 128 128 128 -128 128 384 -128 128
-128 128 128 128 -128 128 128 128 128 384 -128 128 -384 128 -128 128
128 128 128 -128 128 128 -128 -128 128 128 -384 128 128 128 -128 -384
-128 -128 128 -128 -128 -384 -128 -128 128 -128 128 -128 -128 -128 128 -128
-128 128 -128 -128 128 128 -128 -128 -128 128 128 128 128 128 128 128
128 -128 128 -128 -128 128 128 384 128 128 -128 -128 128 -128 -128 -384
-128 128 -128 128 128 -128 -128 128 128 -128 128 128 -128 -128 128 128
-128 128 128 -128 -128 128 128 -128 -128 -128 -128 -384 -128 -128 128 128
-128 128 128 -128 128 -128 -128 -128 -128 -128 384 -128 128 128 -128 -384
-128 128 -128 -128 128 128 -128 128 384 -128 128 128 128 384 128 -128
-128 -128 128 128 128 128 -128 128 128 -128 -128 128 -128 -128 -128 -128
-128 128 -128 128 128 -128 -128 128 128 -128 -384 128 -128 128 128 -128
128 128 128 128 -128 128 -128 128 -384 128 128 -128 128 128 384 -128
-128 -128 128 128 128 -128 -128 -128 -128 -384 128 -128 -128 -128 128 128
128 128 128 -128 128 -128 128 -128 128 -128 -384 128 -128 128 384 -128
-128 128 128 128 128 -128 128 384 128 128 -128 -128 128 128 -384 128
128 128 -128 -128 -128 -128 -128 128 -128 -128 128 -128 128 -128 -128 -384
128 128 -128 -128 -128 -128 128 -128 -128 -384 -128 -128 -128 -128 384 -128
-128 128 128 128 128 -128 128 128 128 -128 128 384 -128 -384 128 -128
-128 128 128 128 128 128 -128 -128 128 128 128 128 -128 -128 384 -128
128 128 -128 -128 128 -128 128 -128 128 -128 384 -128 384 -128 128 128
128 -128 -128 -128 -128 -128 384 -128 -128 -128 128 128 128 128 -128 -128
-128 -128 -128 128 -128 -128 128 -128 128 128 128 128 128 384 128 -128
128 -128 128 -128 -128 128 -128 -128 128 -128 -128 -128 -384 128 -128 128
128 -128 -128 128 128 128 -128 128 -384 128 -128 -128 384 -128 128 128
128 -128 -128 128 128 -128 128 -128 128 128 -128 128 -384 128 128 -128
-384 128 128 -128 128 -128 128 -128 -128 -128 128 128 128 128 -128 -128
-128 -128 -128 128 128 -128 -128 128 -128 -128 -128 -128 -128 128 128 384
128 384 -128 128 -128 -128 128 128 128 128 -128 -128 128 -128 128 128
128 128 -128 -128 -128 128 -128 -128 128 128 -128 -384 -128 128 -384 128
128 128 128 128 128 128 128 -128 128 128 128 384 -128 -128 128 -128
128 -128 -128 128 128 -128 -128 -128 128 384 128 128 -128 128 128 384
128 -128 128 -128 128 128 128 -128 128 128 -128 -384 128 -128 128 384
128 -128 -128 -128 -128 -128 128 128 128 384 128 384 128 128 -128 -128
128 128 -128 -128 128 128 -128 -128 -128 128 -128 -384 128 -128 128 128
128 -128 -128 128 128 128 384 -128 -128 -128 128 128 128 128 -384 128
-128 -128 -128 128 128 128 128 128 -128 128 -128 128 -128 -128 384 -128
128 -128 128 -128 128 -128 128 128 128 -128 -384 128 -128 -384 -128 128
128 -128 128 -128 -128 -128 -128 -128 -128 128 384 -128 -128 -384 -128 128
128 -128 -128 -384 -128 -128 -128 -128 128 128 128 128 -128 128 -128 128
-128 -128 128 -128 -128 128 -128 128 384 -128 128 128 -128 128 128 384
-128 -128 -128 128 128 -128 -128 -384 128 -128 -128 -128 -128 -128 128 -128
-128 128 -128 128 128 -128 128 -128 384 -128 128 -128 128 128 -384 128
-128 128 128 128 -128 -128 -128 -128 -128 128 128 128 128 384 128 -128
-128 128 128 384 128 -128 128 -128 128 128 -128 -128 -128 128 128 -128
-128 128 -128 -128 128 -128 128 -128 -128 -128 -128 -128 384 -128 -128 128
-384 128 -128 128 -128 128 128 128 128 128 128 128 -128 128 -128 128
-128 128 128 128 128 384 128 -128 -128 128 128 128 -128 128 128 128
128 128 -128 128 128 128 128 -128 128 128 -128 -384 384 -128 -128 128
-128 -128 -128 128 128 128 128 128 -128 128 128 -128 128 384 128 -128
-128 -128 -128 -128 -128 -128 -128 128 128 128 384 -128 -128 128 384 -128
-128 128 -128 128 128 128 128 128 -128 -128 -128 -128 -128 -384 128 128
128 -128 128 128 -128 -128 128 128 -384 128 128 -128 128 384 -128 -128
128 -128 128 384 -128 -128 -128 128 -128 -128 -128 128 -128 128 128 128
128 128 -128 128 128 -128 -128 128 -128 128 -128 -384 128 -128 -128 -128
128 128 -128 -384 128 128 128 128 128 -128 -128 128 -128 128 128 128
128 -128 128 -128 128 -128 128 128 128 128 128 -128 -384 128 -128 -128
-128 128 -128 -128 128 128 128 128 128 128 384 -128 -128 -128 384 -128
-128 -128 -128 128 128 -128 -128 -384 128 128 128 128 -128 -128 -384 128
-128 128 128 -128 128 -128 128 -128 128 -128 -384 128 -384 128 -128 128
128 128 128 128 128 -128 128 384 -128 128 -128 -128 128 128 384 -128
128 -128 -128 -128 128 -128 128 -128 -128 128 128 -128 128 128 -384 128
128 128 -128 -128 128 128 -128 -128 -128 128 128 -128 128 128 -128 -384
128 128 128 -128 128 128 384 -128 -128 128 -128 128 -128 128 128 128
-128 -128 128 -128 -128 128 128 128 384 -128 128 128 128 384 -128 -128
-128 128 128 -128 128 128 -384 128 128 128 128 -128 -128 -128 -128 -384
128 -128 128 -128 128 -128 128 128 128 128 -128 -128 -128 -128 128 128
128 -128 128 128 128 128 -128 -384 128 -128 -128 -128 -128 -128 128 384
128 128 128 -128 128 128 -384 128 -128 128 -128 -128 -128 -128 -128 -128
128 384 -128 128 -128 128 128 -128 -128 128 128 128 128 -128 128 -128
128 -128 128 -128 128 -128 -128 -128 128 128 -128 128 128 128 -128 -128
128 -128 128 -128 128 384 -128 128 128 -128 128 128 128 128 128 128
-128 -128 128 -128 -128 -128 128 -128 -384 128 -128 -384 -128 128 128 -128
128 128 -128 128 -384 128 -128 128 128 -128 -128 -128 128 128 -128 128
128 -128 128 -128 128 128 -128 -128 128 128 128 -128 128 128 128 -128
-128 128 128 128 -384 128 -128 128 -128 -128 -128 -128 -128 128 128 -128
128 128 -128 128 128 128 -128 -128 128 -128 -128 128 -384 128 128 -128
128 -128 128 -128 128 128 -128 128 -128 -128 -128 -128 128 128 128 -128
128 128 -128 128 -128 -128 -128 128 384 -128 -128 -128 128 -128 128 128
-128 -128 128 -128 -128 128 128 -128 384 -128 -128 128 384 -128 -128 -128
128 128 128 128 128 -128 128 -128 384 -128 128 -128 128 -128 -128 128
-128 -128 384 -128 -128 128 -128 -128 -128 -128 128 128 128 -128 -128 128
128 128 -128 -384 -128 -128 -128 128 128 128 128 128 128 -128 128 -128
128 -128 -128 128 -128 -128 -128 128 -128 -384 128 -128 -128 -128 -128 -128
384 -128 128 128 128 128 128 128 -128 -128 128 128 -128 128 -128 -128
-128 -128 128 128 -384 128 -128 128 128 128 128 -128 -128 128 128 128
-128 -128 128 -128 -128 -128 -128 -128 128 384 128 -128 128 -128 384 -128
128 128 -128 128 -128 -128 128 -128 -128 128 128 -128 128 128 128 128
384 -128 -128 128 -128 -128 128 128 128 -128 128 128 -128 -128 -128 -128
-128 -128 128 128 128 128 -128 -128 128 128 -128 128 -384 128 128 384
128 -128 128 -128 128 -128 -128 -128 128 128 -128 -128 -128 128 384 -128
-128 -128 -128 128 128 -128 128 128 128 128 128 128 128 -128 -128 128
128 -128 128 128 128 -128 -128 -128 128 128 -128 -128 -128 -128 128 -128
128 128 128 -128 128 128 -128 128 128 128 -128 128 -128 -384 128 128
-384 128 -128 128 128 -128 128 -128 128 128 128 128 -128 128 -128 -128
128 128 -128 -128 -128 128 128 -128 384 -128 -128 128 -384 128 128 -128
128 -128 128 384 -128 128 -128 128 -128 -128 128 128 -128 -128 128 -128
128 128 -128 -128 -128 -128 -128 -128 384 -128 -128 -128 128 -128 -128 -128
-128 -128 -128 -128 -128 -128 -384 128 128 128 -128 -128 -128 128 -384 128
128 128 128 -128 128 -128 128 -128 -384 128 -128 -128 128 384 -128 -128
128 128 128 384 -128 -128 -128 128 -128 -128 128 128 128 128 -128 128
128 128 -128 128 128 128 -128 -128 128 128 128 128 -128 128 -128 -128
-128 128 128 -128 128 -128 128 128 -128 -128 -128 128 -128 -128 -128 128
-128 -128 -128 -128 -128 128 128 128 -128 128 128 -128 384 -128 128 384
128 128 128 -128 128 -128 -128 128 128 128 -384 128 128 128 -128 128
-128 128 -128 128 128 384 -128 128 128 128 -128 128 128 128 128 -128
-128 -128 -128 128 128 128 128 128 128 128 128 128 -128 -384 128 -128
-128 128 -128 -128 -128 128 -128 -128 128 128 -384 128 -128 -128 -384 128
128 -128 128 128 128 -128 128 128 128 128 128 -128 384 -128 128 128
128 -128 128 128 -128 -128 128 128 -128 -384 -128 128 128 384 -128 -128
-128 -128 -128 -128 128 128 128 384 128 -128 128 128 -128 -128 128 128
-128 -128 128 128 128 128 -384 128 128 -128 128 128 -128 -128 -384 128
128 -128 -128 -128 -128 128 128 128 128 -128 128 384 -128 -384 128 -128
-128 -128 128 128 -128 128 128 384 128 128 -128 128 128 -128 128 384
-128 128 128 128 -128 128 128 -128 128 -128 -128 128 128 -128 128 128
128 128 128 -128 128 128 -128 128 128 128 128 384 128 384 128 -128
128 -128 128 384 128 128 128 128 128 128 -128 -128 128 -128 128 -128
-128 128 -128 128 128 -128 -128 -384 128 -128 128 128 -128 -128 -128 -384
128 -128 -128 -128 128 128 -128 128 -128 -128 -128 128 -384 128 -384 128
384 -128 128 -128 -128 128 -128 128 -128 -128 -128 -128 -128 128 -128 -128
-128 -384 128 128 -128 -128 128 128 -128 -128 128 128 128 128 -128 -128
-128 128 128 -128 -128 128 128 128 128 128 128 384 384 -128 -128 128
128 -128 128 128 128 -128 128 128 -128 -384 128 128 -384 128 128 128
-128 -128 -128 -128 -384 128 -128 -128 128 128 128 128 128 128 128 -128
128 -128 -128 128 128 128 -128 -128 128 384 -128 -384 128 -128 -128 -128
-128 -128 128 128 128 -128 128 128 128 384 128 384 -128 -128 -128 128
-128 -128 -128 -128 -128 128 384 -128 -128 128 -128 128 128 -128 -128 -384
128 128 -128 -128 128 128 128 128 -128 -384 -128 -128 -384 128 -128 128
-128 -128 128 -128 128 -128 128 128 -128 128 -128 128 -128 -128 -128 -384
128 384 128 128 -128 -128 128 -128 128 -128 -128 -128 -128 128 128 -128
128 128 128 384 128 128 128 128 -128 -128 128 -128 128 128 128 128
128 -128 -128 128 -128 -128 -128 128 128 -128 128 384 -384 128 -128 128
128 -128 -128 128 -128 -128 128 -128 128 -128 128 128 -128 128 -128 -128
-128 -128 -128 128 128 -128 -128 128 -128 -128 -128 -128 128 128 128 128
-128 -384 -128 128 128 128 128 -128 128 128 128 128 -128 -128 -128 128
-128 128 -128 128 -128 128 384 -128 -128 -128 -128 128 -128 -128 -128 -384
384 -128 -128 128 -128 -128 -128 128 -128 -128 128 128 128 -128 -128 128
-128 -128 -128 -384 -128 128 -128 128 128 -128 128 128 128 128 -128 -128
128 -128 -128 128 -128 128 -128 128 128 128 128 -128 128 384 -128 128
-128 -128 128 -128 128 128 -128 -384 -128 128 -128 -128 128 -128 -384 128
-128 -128 128 -128 -128 -128 -128 -128 128 -128 -384 128 384 -128 128 -128
-384 128 -128 -128 -128 -128 -128 128 -128 128 128 -128 128 -128 128 128
-128 128 -128 128 128 -128 128 128 -128 -384 -128 -128 -384 128 128 128
-128 -128 -128 -128 128 128 -384 128 -128 -128 128 128 -128 128 -128 -384
128 -128 128 -128 -128 -128 128 128 128 384 128 128 128 -128 128 -128
128 -128 -128 -128 128 128 -128 -128 -128 -128 -128 -384 128 128 -128 -128
-128 128 -128 128 -128 128 128 384 -128 128 -128 -128 -128 128 -128 -384
128 -128 -384 128 128 128 128 -128 128 128 -128 -128 128 128 -128 128
-128 128 -128 128 128 128 128 128 -128 -128 128 384 -128 128 128 384
128 128 128 128 128 128 128 128 -128 -128 128 128 128 -128 -128 -128
-128 128 128 -128 128 128 -128 -128 128 128 128 -128 -128 -128 128 384
-128 128 -128 128 -128 -128 128 128 128 -128 128 -128 -384 128 -128 128
-128 -128 -128 128 128 384 -128 128 128 -128 128 -128 -128 -128 -128 128
-128 128 -128 128 -128 128 128 -128 -128 -128 384 -128 -128 -128 128 -128
-128 -128 128 128 128 -128 -128 128 -128 128 128 -128 128 128 -128 -128
128 128 128 128 -128 128 -128 -128 -128 -384 -128 -128 -128 -128 128 -128
128 128 128 -128 -128 128 128 128 128 -128 -128 -128 384 -128 -384 128
128 -128 -128 -128 128 128 -128 128 128 128 128 128 384 -128 -128 -384
128 -128 128 128 128 -128 128 128 -128 -384 -128 -384 128 -128 128 -128
-128 128 128 -128 -128 -128 128 -128 384 -128 128 -128 384 -128 128 -128
-128 -128 128 -128 -128 128 -128 -128 -128 128 -128 -128 -128 128 -128 -128
128 128 128 128 -128 128 128 128 -384 128 384 -128 -128 128 -128 128
-128 -128 -128 -128 128 -128 -128 128 128 -128 -128 -128 128 384 -384 128
-128 -128 128 128 -128 -128 -128 -128 -128 -128 128 -128 128 384 -128 128
-128 128 128 128 -128 -128 128 128 -128 128 128 -128 128 -128 128 384
128 128 128 -128 128 -128 128 128 -128 -384 -128 -384 -128 128 -128 -128
-128 128 -128 -128 -128 128 128 -128 -384 128 128 128 128 -128 128 128
-128 -128 -128 128 128 128 -128 -128 -128 128 -128 -384 -128 128 128 384
128 -128 -128 128 128 -128 -128 128 -128 128 384 -128 -128 -128 -128 -128
128 128 -384 128 -128 -128 -128 128 -128 128 -128 128 -128 128 128 -128
128 -128 -384 128 -128 128 128 128 128 128 -128 128 -128 128 -128 -128
128 128 -128 128 -128 128 128 -128 -128 -128 128 128 -128 -384 -128 128
128 128 -128 128 -128 128 -384 128 -128 -128 128 128 -128 -128 384 -128
-128 128 128 -128 128 128 384 -128 -128 -128 -128 128 -128 128 128 -128
-128 128 128 -128 128 -128 -128 128 -128 128 -384 128 128 128 128 128
-128 128 384 -128 -128 128 -128 -128 128 128 -128 128 128 -128 -128 -128
128 128 -128 128 -128 128 -128 -128 -384 128 -128 -128 -128 -128 -384 128
128 -128 128 -128 -128 128 -128 -128 -128 -128 128 128 -128 128 128 -128
-128 128 -128 128 -128 128 384 -128 -128 -128 -128 128 128 128 128 -128
128 -128 -128 -128 -128 -128 -128 128 384 -128 128 128 -128 -384 -128 -128
128 384 128 128 128 -128 128 -128 128 128 -128 128 128 -128 128 128
128 128 -128 -384 -128 -128 -128 128 -128 128 -128 128 -128 -128 -128 128
-384 128 -128 -128 -128 -128 128 128 128 -128 128 128 128 128 128 128
128 128 -128 128 -128 128 -128 128 384 -128 128 384 128 128 128 -128
128 128 128 -128 -128 128 128 -128 128 384 128 -128 128 128 -128 128
128 128 -128 -128 128 -128 -128 -128 128 -128 -384 128 128 128 -128 128
128 -128 -128 128 -128 -128 128 -128 128 -128 -128 -384 -128 -384 -128 128
-128 128 128 -128 -128 128 -128 128 -128 -384 -128 -128 128 -128 -128 -384
-128 -128 128 -128 -128 128 -128 128 128 128 128 128 128 128 384 -128
128 128 128 128 128 -128 128 -128 128 128 128 128 -128 128 128 -128
128 128 -128 128 -128 -128 384 -128 128 128 -128 -128 -128 128 128 -128
128 -128 128 -128 128 128 -128 128 -128 -128 128 384 128 128 128 384
128 -128 128 384 -128 128 128 -128 128 -128 -128 128 -128 128 -128 128
128 128 128 128 128 -128 128 384 -128 -128 128 128 128 128 128 -128
128 128 128 128 128 -128 -128 -128 -128 128 -384 128 128 128 128 -128
128 -128 -128 128 128 128 128 128 128 384 -128 -384 -128 128 128 -128
384 -128 -128 -128 -128 -128 128 128 128 128 -128 -128 -128 -128 -128 -128
128 128 -128 128 128 -128 -128 128 128 -128 384 -128 -128 -128 -384 128
128 128 -128 128 -128 -128 -128 -128 128 384 384 -128 -128 128 128 -128
128 -128 -128 128 -128 -128 128 -128 128 384 -128 128 128 384 -128 -128
128 -128 -128 -128 128 -128 -128 -384 128 128 128 -128 -128 128 128 128
-128 128 -128 -128 128 384 -128 128 -128 -128 -128 -128 -128 128 128 128
128 128 -128 128 -128 -128 -128 128 -384 128 -128 128 128 -128 128 128
-128 128 384 -128 -128 -128 128 -128 -128 -128 -128 -128 -128 -128 128 -128
-128 128 128 -128 -128 -384 -128 128 -128 -128 128 128 128 128 128 -128
-128 128 128 -128 128 128 128 -128 384 -128 -128 -128 128 -128 -128 128
-128 128 128 -128 384 -128 128 128 128 128 128 128 128 128 128 -128
-384 128 128 -128 -128 128 -128 128 128 -128 128 128 128 128 128 128
128 -128 128 128 -384 128 128 -128 -128 128 128 128 128 128 -128 -128
128 128 128 -128 128 128 -384 128 -128 -128 -128 -128 128 128 -128 -384
-128 -128 -128 128 -128 128 -128 -128 -128 128 -384 128 -384 128 -128 128
128 128 -128 128 128 -128 128 128 384 -128 -384 128 128 -128 128 128
128 128 128 128 128 128 128 -128 -128 -128 384 -128 128 -128 -128 -384
-128 -128 -128 128 -128 128 128 -128 128 -128 -384 128 128 -128 384 -128
-128 -128 128 -128 -128 128 -128 -128 -384 128 -128 128 -128 128 -128 -384
128 -128 128 -128 128 -128 128 128 -384 128 128 128 -128 -128 128 384
-128 -128 -128 128 -128 -128 128 -128 128 128 -128 -384 128 -128 -128 -128
128 128 -128 128 -128 -128 -128 -128 -384 128 -128 -128 128 128 -128 -384
-128 -128 128 128 -128 -128 128 -128 128 128 -128 -128 -384 128 -384 128
-128 128 -128 128 -384 128 -128 128 128 128 -128 -128 -128 128 128 -128
-128 -128 -128 128 384 -128 -128 -128 -128 128 128 128 -128 -128 128 128
-128 128 -128 -128 128 -128 -128 -128 -384 128 128 -128 128 -128 -128 -384
128 128 128 -128 128 128 -128 -128 128 128 384 -128 -128 -384 -128 128
128 128 128 -128 128 128 128 128 -384 128 128 -128 -128 128 -128 -384
128 -128 128 128 -128 -384 128 128 128 128 128 -128 128 128 -128 128
-384 128 128 128 128 -128 -128 128 128 128 -128 -128 128 -128 -128 128
128 128 384 -128 128 128 -128 -128 -128 -128 -128 -128 -128 128 -128 128
-128 128 128 -128 128 -128 128 -128 128 128 -128 -128 128 128 -384 128
-384 128 128 128 -128 128 -128 -128 -128 128 -128 128 128 128 128 128
-128 -128 128 -128 -128 -128 -128 128 128 384 -128 -384 -128 128 128 128
-128 -384 -128 -128 128 128 128 128 -128 -128 -128 -128 128 -128 128 -128
128 128 128 128 128 128 -128 -128 128 384 -128 -128 -128 128 -128 -384
128 -128 128 -128 128 128 128 128 -128 -128 128 -128 128 128 -384 128
128 -128 -128 128 128 -128 128 128 -128 128 -128 -384 -128 -384 128 -128
-128 128 -128 128 -128 128 -128 128 -128 -128 128 128 128 384 128 128
128 128 128 128 128 128 -128 -128 128 128 384 -128 -128 -128 -128 128
128 -128 -128 -128 -128 128 128 -128 -128 -384 -128 -128 384 -128 128 128
128 128 -384 128 128 -128 -128 128 128 128 128 128 -128 -128 128 -128
-128 128 128 128 -384 128 128 128 128 128 128 -128 128 128 128 -128
-128 128 128 -128 128 -128 -128 -128 384 -128 128 -128 128 384 128 -128
-128 128 128 -128 -128 128 128 128 -128 -128 -128 128 -128 -384 -128 -384
-128 -128 -128 128 -128 128 -128 -128 384 -128 128 128 128 128 -128 128
128 -128 -128 128 128 -128 -128 -128 384 -128 -128 -128 -128 -384 128 -128
128 -128 -128 -128 -128 128 128 128 -128 -128 128 -128 384 -128 128 384
-128 -128 -128 128 128 128 128 128 128 -128 128 -128 -128 -128 128 128
-128 -128 -128 -384 -128 -128 -128 -128 -128 -128 128 -128 -128 128 128 128
128 128 -128 128 -128 128 -128 -128 -128 128 128 384 -128 -128 128 384
128 128 128 -128 128 -128 -128 128 -128 -128 384 -128 -128 -384 -128 -128
-128 -128 128 128 -128 -128 128 128 128 384 128 128 128 128 128 384
128 -128 -128 -128 -128 128 128 -128 128 384 -128 -128 128 -128 128 -128
-128 -128 -128 128 -128 -128 -128 128 384 -128 128 -128 128 128 -384 128
128 -128 -128 -128 128 -128 -128 128 128 128 -128 -384 128 128 -128 128
-128 128 -128 -128 -128 -128 128 -128 128 384 -384 128 -128 128 128 128
128 -128 -128 -128 -128 128 128 128 -128 -384 -128 -384 -128 -128 128 128
128 -128 -128 128 -128 128 -128 128 128 -128 -128 128 128 384 -128 -128
128 128 -128 128 -128 -128 -128 -128 -384 128 -128 -128 -128 -128 128 384
128 128 -128 -128 -128 128 -128 -128 128 -128 -128 -384 -128 -128 128 128
128 -128 -128 -128 128 -128 -128 128 128 -128 -128 -128 -128 -384 -384 128
-128 -128 -128 -128 128 -128 128 128 -128 -128 128 128 -128 -384 128 -128
-128 -128 -128 -128 128 128 128 -128 384 -128 128 -128 128 -128 -384 128
128 128 -128 -128 128 -128 -128 -128 384 -128 128 128 -128 128 -128 -384
128 128 128 384 -128 128 -128 128 -128 128 -128 -128 -128 -128 -128 -128
-128 -128 -128 128 128 128 128 -128 -128 128 -128 128 384 -128 128 384
128 128 -128 -128 128 128 -128 128 128 128 128 -128 384 -128 -128 -128
128 -128 128 -128 -128 -128 128 128 128 -128 128 128 -128 128 384 -128
-128 -128 -128 128 128 -128 128 128 128 -128 128 384 -128 -128 -384 128
-128 -128 128 -128 128 -128 -128 128 -128 -128 384 -128 -128 -128 -128 -128
-384 128 128 128 128 -128 128 128 -128 128 128 -128 -128 128 128 128
128 -128 -128 -128 128 128 128 384 128 128 -128 128 -128 -128 128 128
128 -128 -128 -384 128 128 128 -128 -128 -128 -128 -128 -128 128 -128 -128
-128 -128 128 -128 -128 -128 128 128 -384 128 -128 128 -128 128 -384 128
128 128 -128 128 -128 128 -128 -128 128 128 -128 -128 128 -128 128 384
-128 -128 128 128 -128 -384 -128 128 128 128 -128 -128 -128 128 -128 -128
128 -128 -128 128 128 -128 -128 -384 -128 -128 128 -128 -128 -128 128 128
128 -128 384 -128 128 128 -128 128 128 -128 -128 -128 128 -128 -128 -128
128 -128 128 128 128 -128 -128 -128 128 128 128 -128 -128 -128 128 128
-128 128 -128 -128 -128 128 128 -128 128 128 128 128 -128 -128 128 128
-128 128 128 -128 -128 128 128 -128 -128 -128 -128 128 128 -128 -128 128
-128 -128 -128 -128 128 -128 128 128 128 128 128 128 -128 -384 -128 -384
-128 -128 128 128 384 -128 128 128 -128 128 128 -128 -128 -128 -128 -128
-128 -384 128 128 -128 128 -128 -128 128 128 -128 128 -128 -128 -128 128
128 -128 -128 -128 128 -128 -128 -128 -128 -384 -128 -384 128 -128 128 128
128 -128 -128 -128 128 -128 -128 128 -128 -128 -128 -384 128 -128 -128 -384
128 128 128 128 128 128 128 -128 -128 -384 128 384 -128 -128 -128 128
-128 128 -128 128 -128 128 -128 128 -128 -128 128 128 128 -128 -128 128
-128 -128 -128 128 -128 -128 -384 128 128 128 128 -128 128 128 -128 128
128 -128 128 128 -128 128 -128 -384 -128 128 128 128 128 128 128 384
128 128 128 -128 128 128 -128 128 -128 -128 -128 -384 128 128 -128 -384
128 128 128 -128 128 128 128 -128 -128 -128 -384 128 128 384 128 128
128 -128 -128 128 128 -128 -128 -384 128 -128 -128 -128 -128 -128 -128 -128
-128 128 128 384 -128 -128 -128 128 128 128 128 -128 -128 128 128 128
128 -128 128 -128 128 128 -128 -128 128 128 128 -128 -128 128 128 384
-128 128 128 128 128 128 128 128 -384 128 -384 128 -128 -128 -128 128
-128 128 128 -128 128 128 128 128 -128 -128 -128 -128 128 384 128 -128
-128 -128 128 384 128 -128 -128 128 -128 -128 -128 -128 -128 -128 -128 128
128 -128 128 -128 -128 -128 -128 128 128 -128 -384 128 -384 128 -128 -128
-128 128 -128 -128 128 -128 128 -128 128 128 -128 128 128 384 128 384
128 -128 128 -128 -128 128 -128 128 -128 -384 128 -128 -128 128 128 -128
-128 -128 -128 128 -128 -128 -128 -384 128 128 -128 -128 -128 128 -128 -384
-128 -128 128 -128 128 128 -128 128 -128 -128 -128 -128 384 -128 -128 128
128 128 -128 -128 128 -128 -128 -128 -128 -384 -128 128 -128 128 384 -128
128 128 -128 -128 -128 -128 128 128 128 128 128 128 -384 128 128 -128
128 128 -128 -128 128 128 -128 -128 -384 128 -128 -128 128 -128 128 384
128 128 128 -128 128 128 128 128 128 128 -128 128 384 -128 -384 128
128 -128 128 -128 128 128 -128 -128 128 128 128 -128 -128 128 128 -128
128 128 -128 128 128 -128 128 -128 -128 -128 -128 128 -128 -128 128 128
-128 -128 128 -128 128 128 -128 128 128 384 128 -128 -128 128 128 128
-128 128 128 128 -128 -128 128 128 -128 -384 128 128 -128 -384 128 128
-128 128 128 -128 128 128 -128 -128 128 128 128 384 128 -128 -128 -384
-128 -128 -128 128 128 128 128 128 128 128 -128 -128 128 -128 -128 -384
-128 -128 128 128 128 -128 128 128 -128 -128 384 -128 128 -128 128 384
128 384 -128 128 128 128 128 128 128 128 128 128 128 -128 128 -128
384 -128 128 128 128 128 -128 -128 -128 128 -128 128 128 128 128 -128
128 128 -128 128 -128 -128 -128 -384 128 -128 128 128 -128 128 128 -128
-128 128 -128 -128 -128 128 128 -128 -128 128 -128 128 -128 -384 -128 128
128 -128 128 128 -128 -128 -128 -128 -128 128 128 128 -128 -128 128 384
-128 128 -128 128 -128 -128 -128 128 -128 128 128 128 128 -128 -128 -384
-128 -384 -128 128 -128 -128 128 128 -128 -128 -128 128 -128 -128 -128 128
-128 128 -128 128 128 -128 128 128 -384 128 -128 -128 -128 128 128 384
-128 -128 128 -128 128 384 -128 -128 -128 -128 128 128 128 -128 -128 128
128 128 -128 -128 -128 128 -128 -128 -128 -128 384 -128 -128 -384 128 -128
128 128 -128 -128 128 128 128 -128 128 -128 128 -128 -128 128 128 128
128 -128 128 128 128 128 128 128 -128 -128 -384 128 -128 128 -128 -384
128 384 128 128 -128 -128 -128 -128 128 -128 -128 128 128 128 -128 128
128 -128 128 128 128 -128 128 -128 -128 -128 -128 -384 -128 128 384 -128
-128 -128 -128 -384 -128 -128 128 -128 128 128 128 -128 128 -128 128 -128
128 128 -128 -128 128 128 128 128 128 128 128 -128 -384 128 128 384
128 -128 128 -128 -128 -128 128 -128 -128 128 -128 128 128 384 128 128
-128 -128 -128 -128 -128 128 -128 -128 -128 -128 128 -128 -128 -384 128 128
128 128 -128 128 128 128 128 -128 128 128 -128 -128 -128 -384 -384 128
-128 128 -128 128 128 128 -128 128 -384 128 128 128 -128 128 128 128
128 128 128 -128 -128 -128 -128 -384 -128 128 -128 128 -128 128 -384 128
-128 128 128 -128 -128 -384 128 -128 -128 128 -128 128 -128 128 128 -128
128 -128 -128 -384 -128 128 128 128 -128 -128 -128 128 128 128 128 128
128 128 -128 128 -128 -128 -128 -384 -128 -128 -128 -128 128 128 128 -128
-128 128 -128 128 -128 128 -128 -128 384 -128 -128 128 128 -128 384 -128
-128 -128 -128 -128 -128 128 128 128 -128 -384 -128 -128 -128 128 128 128
128 -128 128 -128 128 -128 -128 128 -128 128 128 384 -384 128 128 128
-128 -128 128 -128 -128 -128 -128 -128 128 128 -128 -128 -128 128 128 128
128 -128 128 -128 128 128 128 128 -128 -128 384 -128 128 -128 384 -128
128 -128 -128 -128 128 -128 -128 128 128 128 -384 128 -128 -128 -128 128
-128 128 384 -128 128 -128 128 128 -128 -128 -128 -128 128 -128 128 -128
-384 128 128 -128 -128 128 -128 128 128 128 -128 128 128 128 -128 128
-128 128 128 -128 -128 128 -128 -128 -128 128 128 128 -128 128 -384 128
-128 128 128 128 -128 -128 -128 -128 -128 -128 -384 128 128 -128 -128 128
128 128 -128 128 -128 -128 128 -128 128 384 -128 128 128 -128 -384 128
-128 -128 128 -128 128 384 -128 -128 -128 128 -128 128 128 -128 128 128
128 384 -128 -128 128 -128 128 -128 128 -128 128 128 -128 128 128 -128
-128 -128 -128 128 -128 128 -128 128 384 -128 -128 128 -128 -384 128 128
-128 128 -128 -128 128 128 -128 -128 128 128 128 128 384 -128 128 384
-128 -128 128 128 -128 128 -128 -128 -128 128 128 -128 128 128 -128 -128
-128 -128 -128 128 128 -128 128 -128 -128 -128 -128 128 384 -128 128 -128
-128 128 -128 128 -128 -128 128 384 128 128 128 128 -128 -128 128 384
128 128 128 128 128 -128 -128 128 128 -128 128 128 128 128 -384 128
-128 -384 128 128 128 -128 -128 -128 -128 128 -128 128 -128 128 128 128
-128 128 -128 -128 -128 -128 128 -128 -384 128 384 -128 128 128 -128 128
-128 128 128 -128 -128 128 128 384 128 -128 -128 128 128 -128 384 -128
-128 -128 128 -128 128 128 -384 128 128 -128 128 -128 128 -128 -128 -128
128 -128 -128 -128 -128 128 128 128 -384 128 -128 -384 128 128 128 128
128 128 -128 -384 -128 -128 -128 128 128 -128 128 -128 -128 -128 -128 128
-128 128 128 128 128 -128 -128 128 -128 128 128 -128 -128 -384 -384 128
128 128 128 -128 -128 128 -128 128 -128 128 384 -128 128 384 128 128
-128 128 -128 -128 -128 -128 -128 -128 -384 128 128 384 128 128 -128 -128
128 128 -128 -128 128 -128 128 384 128 128 128 128 -128 128 -128 128
-128 128 128 128 -128 128 -128 -128 -128 128 384 -128 -128 128 128 384
128 -128 128 128 -128 128 -128 -128 -384 128 384 -128 128 128 128 128
128 128 -128 -128 128 -128 -128 -384 -128 128 128 128 128 -128 -128 128
128 128 128 128 -128 -128 128 128 128 384 -128 -128 -128 -128 384 -128
384 -128 128 128 128 -128 128 -128 128 -128 -128 -128 128 -128 128 -128
128 128 -128 128 128 128 -128 128 -128 128 128 384 128 128 128 384
128 -128 -128 -128 -128 -128 128 128 128 384 -128 128 -128 -128 128 128
-128 -128 128 -128 128 128 -128 -128 384 -128 128 128 -128 -384 128 -128
128 -128 128 128 128 128 -128 128 -128 -128 -128 -128 128 384 384 -128
128 128 384 -128 128 128 -128 128 -128 128 128 128 -128 128 -128 -128
-128 -384 -128 -128 -128 -128 -128 -128 -128 128 -128 -128 128 128 128 128
-128 128 -128 -128 -128 128 -128 128 -128 -128 128 384 128 -128 128 -128
128 128 -128 -128 -128 -128 128 128 128 384 -384 128 128 -128 -128 128
128 384 -128 -128 128 -128 -128 -128 128 -128 128 128 -128 -128 128 -128
128 128 -128 128 128 128 -128 128 384 -128 128 128 128 -128 -384 128
-128 128 -128 -128 -128 128 128 -128 -128 -128 -128 128 128 384 -128 -128
128 -128 128 128 128 128 128 128 -128 -128 128 128 128 -128 -128 -384
128 -128 -128 -128 128 -128 -128 -128 384 -128 -128 -384 128 128 -128 128
-128 -128 128 128 -128 -128 384 -128 128 128 -128 128 128 -128 384 -128
-128 128 128 128 128 128 -128 128 128 -128 128 128 -384 128 128 -128
-128 -128 -128 -128 128 -128 128 128 128 -128 384 -128 -128 -128 -384 128
-384 128 -128 -128 128 -128 -128 -128 -128 -128 128 -128 128 128 128 128
-128 -128 128 -128 128 -128 -384 128 128 -128 -128 128 128 128 128 128
128 128 128 128 -128 -128 -128 128 -128 -128 128 -128 -128 -128 384 -128
128 128 128 128 128 -128 -128 128 128 -128 -384 128 -128 128 -128 -128
-128 128 -128 -384 -128 128 128 -128 -128 -128 -128 -128 128 -128 -128 128
128 128 128 -128 128 128 128 128 128 -128 -128 -128 384 -128 -128 -384
128 128 -128 -128 -384 128 -128 -128 128 -128 -128 128 128 128 -128 -128
-128 128 -128 -128 -128 128 128 -128 -128 128 128 -128 -128 128 128 128
-128 -128 -128 -128 -128 -128 128 128 -128 -128 -128 128 128 128 -128 128
-128 -384 128 -128 -128 128 -128 128 128 128 -128 128 128 128 -128 -128
128 128 -128 128 -128 -128 -128 128 -128 -128 -128 -128 384 -128 128 384
-128 -128 128 -128 128 128 384 -128 128 128 -128 -128 128 128 384 -128
-384 128 -128 128 -128 -128 -128 128 -128 128 -128 -128 -128 128 128 128
-128 128 384 -128 -128 -128 -128 128 -128 128 -128 -128 128 128 128 128
128 -128 128 -128 128 128 -128 -384 128 128 -128 -128 128 -128 128 -128
-128 -384 128 128 128 128 -128 128 -128 128 128 128 128 -128 -128 128
-128 128 -128 -128 128 -128 128 -128 -128 -384 -128 -384 -128 128 128 128
128 -128 128 -128 -128 128 128 -128 -128 128 -128 -128 -128 -128 -128 -384
-128 -128 -128 -128 -128 -128 -128 128 128 128 -128 128 -128 128 384 -128
128 128 128 128 -128 -128 128 -128 128 -128 -128 -128 384 -128 -128 -384
128 128 -128 128 384 -128 -128 128 128 -128 128 -128 -128 -128 -128 -128
-128 -128 -128 -128 -128 128 128 -128 128 128 128 384 384 -128 128 -128
-128 -128 -128 -384 128 -128 128 128 128 -128 128 -128 -128 128 128 128
128 128 -128 128 -128 128 -128 -128 -128 128 -128 -384 128 384 -128 128
-128 -128 128 384 128 128 -128 -128 128 128 -128 128 -128 -128 -128 128
128 128 128 128 -128 128 128 128 128 -128 -128 128 128 -128 -128 -128
128 -128 -128 -128 128 128 128 -128 -128 128 128 128 128 -128 -128 -384
128 128 -128 128 128 -128 128 -128 384 -128 128 128 -128 -128 -128 -128
128 -128 128 128 -128 -128 -128 128 -128 128 -128 -128 128 384 128 -128
128 -128 128 128 128 -128 128 128 128 384 128 -128 128 128 128 384
-128 128 -128 -128 -128 128 128 128 128 128 -128 -384 128 128 -128 128
-128 128 -128 -128 -128 -128 128 128 -128 128 128 128 -128 -128 -128 -128
-128 -128 -128 -128 -128 128 -128 128 -128 -128 128 128 -128 128 128 -128
-128 -128 -128 -128 128 128 128 128 384 -128 128 384 -128 128 128 128
128 -128 384 -128 128 -128 128 128 128 -128 128 128 128 128 -128 128
128 -128 -128 128 128 128 -128 128 128 128 -384 128 -128 128 128 384
-128 -128 128 -128 -128 -128 -128 -128 -384 128 -128 -128 -128 128 -128 -384
128 -128 128 -128 -128 128 128 -128 -128 128 384 -128 384 -128 -128 128
384 -128 -128 128 128 128 -128 128 128 -128 128 128 128 -128 128 128
-128 128 128 128 128 -128 128 384 128 -128 -128 128 -128 128 128 -128
128 128 128 128 128 -128 -128 -128 128 128 128 128 -128 -384 128 128
128 -128 -128 -128 -128 -128 -128 -128 -128 -128 -128 -128 128 -128 128 128
-128 -128 128 -128 384 -128 128 -128 -128 128 -128 -128 128 -128 128 -128
128 -128 -128 -128 128 -128 128 128 128 128 128 384 -128 -128 128 128
128 -128 -128 128 -128 128 128 -128 -128 -128 -128 -128 128 128 128 128
-128 128 128 384 128 128 128 -128 -128 -128 128 -128 128 128 -128 128
-128 128 128 128 128 -128 128 128 -128 -128 128 128 128 -128 128 384
128 384 128 -128 128 128 128 128 128 -128 128 128 -128 128 -128 -128
-128 128 128 128 -128 128 -384 128 128 -128 -128 128 -128 -128 -128 -128
128 -128 -128 -128 -128 128 -128 -128 -128 128 -384 128 -128 -128 128 -128
128 128 128 128 128 -128 -128 -128 384 -128 -128 -384 -128 -128 128 -128
128 -128 128 -128 -384 128 128 128 128 -128 -128 128 128 128 -128 -128
-128 -128 128 128 128 128 -128 -128 384 -128 -128 -128 -128 128 128 128
-128 128 128 128 128 128 -128 -128 128 384 128 -128 128 128 -128 -128
128 128 -128 128 128 384 -128 128 128 -128 -128 128 -128 128 -128 128
128 128 128 -128 128 -128 128 -128 384 -128 -128 -128 -128 -384 128 -128
-128 -128 -128 -128 -128 -128 128 128 -128 128 128 128 128 128 384 -128
128 128 -128 -128 -128 -128 128 -128 -128 -384 128 128 -384 128 -128 128
-128 -128 128 -128 128 -128 128 -128 -128 128 -128 -384 128 128 -384 128
128 128 128 -128 -128 -384 -128 128 128 128 128 -128 128 128 -128 -128
128 -128 -128 -128 128 -128 -128 -128 384 -128 128 384 128 -128 128 -128
128 128 -128 128 -128 128 128 128 -384 128 -128 128 128 384 -128 128
128 -128 -128 -384 -128 128 -128 128 128 -128 -128 -128 -128 128 -128 128
128 128 128 128 -128 -128 128 -128 128 128 128 384 384 -128 128 128
-128 -128 128 -128 -128 -128 -128 128 128 -128 128 -128 -128 -384 -384 128
128 128 128 -128 128 -128 128 -128 128 128 -128 128 128 -128 -128 128
-128 128 -128 128 128 -128 -128 -128 128 -128 -128 -384 384 -128 -128 -128
128 128 -128 -128 128 128 128 -128 128 128 -128 -128 384 -128 128 128
-128 128 -128 128 128 -128 -128 128 128 128 -384 128 -384 128 -128 -128
128 128 -128 -128 -128 128 -128 128 -128 -384 384 -128 -128 -128 -128 -128
-128 128 -128 128 128 -128 128 128 128 128 -128 -128 -384 128 -128 -128
128 -128 -128 -128 128 128 128 -128 -128 -384 128 384 -128 128 128 128
128 -128 128 128 128 128 128 128 -384 128 128 128 -128 128 -128 -384
-128 -128 -128 -128 -128 -128 -128 -128 -384 128 128 -128 -384 128 -128 128
-128 -128 128 128 -128 128 -128 128 128 -128 384 -128 128 384 128 128
-128 -128 -128 128 128 128 -128 -128 -384 128 -128 -128 -384 128 -128 -128
-128 128 128 -128 128 128 128 -128 128 128 128 -128 -128 -128 -128 -384
128 128 -128 -128 -384 128 -128 -128 128 128 128 -128 128 128 -128 -128
-128 -128 -128 -128 128 -128 -128 128 -128 -384 128 128 -128 128 384 -128
128 -128 128 128 -128 128 -128 128 128 -128 -384 128 128 -128 -128 -384
-128 -128 128 128 -128 -128 -128 -128 -128 -128 384 -128 128 -128 -384 128
-128 -128 -128 -128 128 -128 -128 -128 -128 -128 -384 128 128 384 -128 128
128 -128 128 128 -128 128 128 128 -128 -128 -128 -128 -384 128 128 -128
-128 128 128 -128 -128 -128 -128 -128 -384 128 128 128 128 -128 128 -128
-128 128 128 128 -128 128 -128 128 -128 -384 -128 -128 -128 128 384 -128
128 -128 128 -128 128 128 -128 -128 -128 -128 -128 -128 128 128 128 128
128 128 128 -128 128 -128 128 -128 -128 -384 128 -128 384 -128 -128 128
128 -128 -128 -128 128 -128 128 -128 128 384 -128 -384 -128 128 -128 -128
-128 -128 128 128 -128 -128 128 384 128 128 -128 -128 128 128 128 384
-128 -384 -128 -128 128 128 -128 128 -128 -128 -128 -128 -128 -128 128 -128
-128 -128 128 128 128 128 -128 -128 128 -128 128 -128 128 384 128 -128
128 128 128 128 -128 -128 -128 128 128 -128 -128 128 128 128 -128 -384
-128 128 -128 128 -128 -128 128 -128 -128 128 128 -128 128 128 -128 128
128 -128 128 128 128 128 128 -128 128 -128 128 128 128 -128 -384 128
-128 -128 128 128 -128 128 -128 128 -384 128 -128 128 -128 128 128 384
128 -128 -128 -128 128 -128 128 128 -384 128 128 128 128 -128 -128 -128
-128 128 128 128 128 -128 -128 128 128 -128 128 -128 384 -128 128 384
128 -128 -128 -128 128 128 -128 -384 128 128 128 128 128 -128 -128 -384
128 128 128 -128 128 128 128 128 -128 128 128 128 -128 -128 384 -128
128 128 128 -128 128 128 -128 -128 384 -128 -128 -128 128 -128 -128 -384
128 128 -128 128 128 -128 -128 -128 -128 128 -128 128 -128 -384 -128 128
-128 -128 -128 -128 128 -128 128 128 128 128 384 -128 128 -128 -384 128
128 128 -128 -128 128 -128 -128 -128 384 -128 -128 128 128 -128 128 384
128 -128 128 -128 -128 -128 -128 -384 128 128 128 128 128 -128 128 384
128 384 -128 128 -128 -128 -128 128 128 128 128 128 128 -128 -128 128
-128 -128 -128 -128 128 -128 -128 128 128 -128 128 128 -128 128 128 -128
128 -128 128 -128 -128 -128 128 128 -384 128 128 384 128 128 -128 128
-128 -128 -128 128 -128 -128 128 128 -128 -128 -384 128 128 384 128 128
-128 128 -128 128 -128 128 128 128 -128 -384 128 384 -128 128 128 128
-128 -128 128 128 128 128 -128 -384 -128 -128 128 128 128 -128 128 128
128 -128 128 -128 -128 -384 -128 128 -128 -128 128 128 -128 -128 128 -128
-128 128 -384 128 -128 128 128 -128 128 -128 128 128 -128 128 128 -128
-128 128 128 -128 128 128 -128 -128 -128 128 -128 -384 -128 128 384 -128
128 128 128 128 -128 128 128 -128 -128 128 128 128 128 128 128 128
-128 128 128 -128 128 128 128 384 -128 128 -128 -128 -128 -128 128 -128
128 -128 -128 -128 -128 128 -128 128 128 384 -384 128 128 -128 -128 -128
-128 -128 128 128 -128 128 -128 -128 128 128 128 -128 128 128 -128 128
128 -128 -128 128 -128 -128 -128 -128 384 -128 -128 128 -128 -128 -384 128
128 128 128 -128 128 128 384 -128 -128 128 -128 -128 -128 128 -128 -384
-128 128 128 128 128 128 -128 -128 -128 128 384 -128 -128 -128 -128 128
-128 -128 128 128 -128 -128 -128 -128 -128 -128 128 128 -128 128 -384 128
-128 -128 128 -128 -128 128 -128 128 -128 -384 -128 -128 384 -128 128 -128
-128 -128 -128 128 128 128 -128 -128 -128 -384 -128 -128 -128 -384 128 128
128 -128 -128 128 -128 -128 128 128 128 -128 384 -128 -128 -384 -128 128
128 -128 -128 -128 -128 -128 -128 -128 -128 128 -128 -128 -128 -128 -128 -384
-128 128 128 -128 128 128 128 128 -384 128 128 128 128 128 -128 128
-128 -128 -128 -128 -128 128 128 128 128 128 128 384 -128 128 -384 128
128 -128 128 384 -128 128 128 128 128 128 -128 128 -128 128 128 128
-128 -128 -128 -128 128 128 -128 128 128 128 -128 128 -128 -128 -128 -384
128 -128 128 -128 -128 -384 128 -128 128 128 -128 -128 128 -128 -128 -128
-128 128 -128 -128 -128 -384 128 128 128 -128 -128 -128 128 -128 -128 128
384 -128 128 -128 128 128 -128 128 128 -128 128 -128 -128 128 -128 128
-128 128 128 128 128 -128 -128 128 -128 -128 384 -128 128 -128 128 -128
128 128 -128 128 128 -128 -128 -128 128 128 384 -128 -128 128 128 -128
-128 -128 -128 -128 -128 128 -128 -128 -384 128 128 384 -128 -128 -128 -128
128 -128 -128 128 128 -128 128 128 -128 -128 128 128 -128 -128 128 128
128 128 128 128 -128 -128 128 -128 128 128 128 128 -384 128 128 384
-128 128 -128 128 -128 128 -128 -128 128 128 -128 -384 128 -128 -128 -384
-128 128 -128 -128 -128 128 -128 128 128 384 -128 -128 128 -128 -128 -128
384 -128 -128 128 128 -128 -128 -128 128 -128 128 -128 -128 -128 128 -128
-128 128 128 128 -128 128 128 -128 384 -128 128 128 128 384 128 -128
128 128 128 128 -128 -128 128 -128 128 128 128 384 -128 -384 -128 128
128 128 128 -128 -384 128 128 128 128 -128 128 -128 -128 128 128 -128
128 128 -128 -128 -128 -128 128 128 128 -128 128 128 -128 -128 -128 -384
-128 -128 128 128 -128 128 128 -128 -128 128 -128 128 384 -128 -128 -128
-128 128 -128 -128 -128 128 -128 128 128 -128 128 -128 384 -128 128 128
-128 128 -128 -128 128 -128 128 128 -384 128 -128 -128 -128 -384 -128 -128
128 -128 -128 -128 -128 128 -128 -128 128 -128 128 -128 -384 128 128 -128
128 -128 -128 128 -128 -128 128 -128 -128 -384 -384 128 128 128 128 -128
-128 -128 -128 128 128 128 128 -128 -128 -384 -128 -128 128 128 128 384
-384 128 -128 -128 128 128 -128 128 128 128 128 128 128 -128 128 -128
128 -128 128 128 128 -128 128 128 128 128 128 128 -128 128 128 384
-128 -128 128 128 -128 -128 -128 128 128 -128 -128 128 128 -128 -384 128
-128 128 128 384 128 128 -128 128 128 128 128 128 128 -128 128 -128
128 128 128 128 -128 -128 128 -128 -128 -128 128 384 128 -128 128 -128
128 -128 -384 128 128 128 -128 -128 128 128 -128 128 -128 -128 -128 128
128 128 -384 128 128 128 128 -128 128 128 128 128 -128 128 128 128
128 128 128 -128 -128 -128 -128 128 384 -128 128 128 128 128 -128 128
128 128 -128 128 128 128 128 128 -384 128 128 128 128 128 -128 -128
-128 128 -128 -128 128 128 -128 -384 128 128 128 -128 128 128 -128 -384
-128 128 128 128 -128 128 -128 -128 128 128 -128 -128 -128 -384 128 -128
128 128 -128 128 -128 -128 -128 128 -384 128 128 128 -128 128 -128 -384
-128 128 128 -128 -128 128 -128 -128 -128 128 128 -128 -384 128 128 -128
128 128 -128 -128 128 128 128 -128 -128 128 -128 -128 128 -128 384 -128
128 128 128 128 -128 128 128 128 384 -128 -128 -128 -128 -384 -128 128
-128 -128 -128 -128 128 128 -128 -128 -128 -384 128 128 -128 128 128 -128
-128 128 128 -128 -128 128 128 128 128 128 -128 -128 384 -128 128 128
128 -128 128 -128 -128 -128 -128 128 128 -128 -128 -384 128 -128 384 -128
128 -128 -128 -128 -128 128 -128 128 -128 128 384 -128 384 -128 -128 -128
128 128 128 128 -128 -128 -128 128 128 -128 128 384 -128 -384 128 -128
-128 128 128 128 -128 128 -384 128 -128 128 -128 128 -128 128 384 -128
128 128 -128 -128 -128 128 128 -128 128 -128 128 -128 128 384 128 128
-128 -128 -128 128 -128 128 -128 -128 -128 -128 128 -128 384 -128 384 -128
128 -128 128 128 -128 128 128 128 -128 -128 128 128 384 -128 128 -128
-128 -128 -384 128 -128 -128 128 -128 128 128 128 128 -128 -128 128 128
128 128 128 -128 128 -128 -128 128 128 128 128 128 -384 128 -384 128
-128 -128 128 128 -128 128 -128 -128 128 -128 384 -128 128 128 -128 128
-128 128 128 -128 128 -128 -128 -128 128 128 -384 128 -384 128 -128 -128
128 -128 128 128 -128 -128 -128 128 128 128 128 384 128 -128 -128 128
128 -128 128 -128 -128 128 -128 -128 -128 -384 128 384 128 -128 -128 128
-128 128 -128 -128 128 128 -384 128 128 128 128 -128 -128 128 -128 -128
128 128 -128 -128 128 -128 128 384 -128 -128 -128 -128 -128 128 128 -128
128 -128 -128 -128 384 -128 128 128 -128 128 128 128 128 -128 -128 128
128 128 128 128 128 128 128 -128 128 -128 -128 -128 -128 -384 -128 -128
-128 128 128 128 -128 -128 -128 -128 -128 -128 -128 -128 128 128 -128 -128
-128 128 -128 -128 -128 -128 128 -128 128 -128 -128 -128 -128 128 128 -128
128 128 -128 -128 128 -128 -128 128 128 128 -128 -128 128 384 -128 128
-128 128 -128 128 -128 128 128 384 128 -128 128 128 128 -128 -128 -128
-128 -128 -128 128 -128 -128 -128 128 128 -128 128 384 128 128 128 384
-128 128 -128 128 -128 128 128 384 -128 -128 -128 -128 128 -128 -384 128
128 -128 -128 128 128 -128 -128 128 128 384 -128 -128 128 -128 -128 -384
-128 -128 128 128 -128 128 -128 128 384 -128 384 -128 128 -128 -128 -128
128 128 128 -128 -128 128 128 128 -128 128 128 -128 128 384 384 -128
-128 -128 -128 -128 128 128 -128 128 -384 128 -128 128 -128 -384 -128 -128
128 128 -128 -128 -128 128 -128 -128 -128 -384 -128 128 128 128 128 384
-128 -384 128 -128 -128 -128 -128 128 128 -128 -128 -128 128 128 128 128
-128 128 128 -128 128 128 -128 128 128 384 128 128 128 128 384 -128
-384 128 128 128 128 128 128 128 -128 -128 -128 -128 128 128 -128 128
-128 128 128 128 128 128 128 -128 -128 128 -128 -128 -128 -384 128 128
-128 -128 -128 -128 128 -128 128 128 128 128 -384 128 128 -128 -384 128
-128 -128 -128 -128 128 -128 -384 128 -128 128 128 -128 128 128 -128 128
128 -128 128 128 -128 128 -128 128 128 -128 -128 -128 128 128 -128 128
-128 -128 -128 128 128 128 128 128 -128 -384 128 128 128 -128 -128 128
128 128 128 128 128 384 -128 -128 128 -128 -128 -128 -128 -128 -128 -128
-128 128 128 128 -128 -128 -128 -128 -128 -128 384 -128 -128 128 128 -128
-128 -128 -128 -128 128 128 -128 128 -128 128 128 128 -128 -384 128 -128
128 128 -128 128 128 -128 128 -128 -128 128 -128 128 -128 -384 -128 128
128 128 128 128 -128 -128 -128 -128 -128 128 128 384 -128 -384 -128 -128
384 -128 128 -128 -128 -128 128 128 -128 128 128 -128 128 128 -128 -128
128 -128 128 128 128 -128 128 -128 -128 -384 -128 128 -384 128 -128 128
-128 -128 128 128 128 128 -128 128 128 128 128 384 -128 128 -128 -384
128 -128 128 128 128 -128 128 -128 128 -128 128 128 384 -128 -128 -384
-128 128 128 -128 -128 -128 -128 128 128 128 -384 128 -128 -128 128 128
128 -128 128 384 128 128 -128 -128 128 128 -128 -128 128 -128 -128 128
-128 -128 -128 -128 128 128 128 -128 -128 -128 128 -128 128 -128 128 128
128 128 128 -128 128 -128 128 128 128 128 -128 -384 -128 -128 128 384
128 128 128 -128 128 128 -128 -128 -384 128 -384 128 128 -128 128 128
128 -128 128 128 -128 -128 -128 128 384 -128 -128 128 128 -128 -128 -384
-128 -128 128 -128 -128 -128 -128 128 128 128 128 -128 128 384 -128 128
-128 -128 -128 -128 -384 128 -128 128 128 -128 -128 128 -128 128 -128 128
-128 128 -128 128 128 -128 128 -128 128 -128 128 384 -128 128 128 -128
128 128 128 -128 128 -128 128 128 128 384 128 -128 128 -128 128 -128
128 128 384 -128 -128 128 -128 -128 -128 -128 -128 128 -128 -128 128 128
128 128 -128 -128 -128 128 -128 -384 -128 -128 128 128 128 -128 -128 128
-128 128 -128 -384 128 -128 -128 128 128 128 -128 128 -128 128 -128 -128
-128 -128 128 -128 -128 128 -128 -128 384 -128 -128 -128 -128 128 128 384
-128 -128 128 -128 -128 -128 -128 128 -128 128 -128 -384 128 -128 -128 128
-128 -128 -128 128 128 128 -128 128 -128 -128 128 128 -128 -128 -128 -128
-128 -128 128 128 -128 128 128 128 128 -128 -128 -128 -128 128 128 -128
-128 128 -128 128 -128 128 384 -128 128 128 128 -128 128 -128 384 -128
-128 -128 128 -128 -128 128 -128 -128 -384 128 -128 -128 128 -128 -128 128
-128 -128 -128 -128 128 -128 -128 -128 -128 128 -128 -128 -128 -384 128 128
128 128 128 -128 -128 128 128 -128 -128 -128 384 -128 128 128 -128 -128
128 128 -128 128 -128 -128 -128 -128 -128 128 -384 128 -128 128 128 384
128 -128 128 -128 -128 128 128 128 128 -128 -384 128 128 -128 -128 -384
128 128 128 128 128 -128 -128 -128 384 -128 128 384 -128 -128 -128 128
128 128 128 -128 128 -128 128 128 384 -128 128 128 128 128 -128 -384
-128 -128 384 -128 -128 -128 -128 128 128 128 -128 128 128 128 128 -128
-128 128 -128 128 128 128 128 128 128 -128 -128 -384 128 128 -128 -128
-128 128 128 128 128 128 128 128 -128 -128 128 -128 -384 128 -128 -384
-128 -384 128 -128 128 128 128 128 128 128 -128 128 128 -128 -128 128
-128 -128 128 128 128 -128 128 -128 128 128 128 384 128 384 128 128
-128 -128 128 -128 -128 -128 -128 128 -128 -128 -128 -128 -384 128 -128 128
128 -128 -128 128 128 -128 -128 128 -384 128 -128 -128 384 -128 -128 128
128 128 -128 128 128 -128 128 128 384 -128 -128 -128 -128 -128 128 -128
128 128 128 -128 -128 128 -384 128 128 -128 128 128 -128 128 128 -128
-128 -128 128 128 128 128 -128 128 128 384 128 384 -128 128 -128 128
-128 128 -128 -128 128 -128 128 -128 -384 128 128 -128 -128 128 -384 128
-128 128 128 128 128 -128 128 -128 128 -128 -384 128 -128 128 -128 -384
128 -128 -128 128 128 -128 128 128 -128 -128 -128 -128 -128 -384 -128 -128
-128 128 128 128 -128 -128 -128 128 -128 128 128 -128 128 384 -128 128
-128 -128 -128 -128 128 -128 -128 -128 -384 128 -128 -128 -128 -128 128 -128
128 128 128 -128 128 -128 128 128 -128 128 -384 128 128 -128 128 128
-128 128 128 128 128 -128 128 128 -128 128 -128 128 128 128 -128 128
128 128 -128 -128 128 -128 128 -128 -128 128 -128 -128 -128 128 128 128
-128 -128 -128 -128 128 -128 -128 -128 128 128 128 128 -384 128 384 -128
128 384 128 -128 -128 -128 -128 128 -128 128 -128 128 -128 128 128 128
-128 128 -384 128 128 -128 -128 128 -128 -128 128 -128 -128 128 128 -128
-128 -128 -128 128 -128 128 128 128 128 -128 128 384 128 -128 -128 -384
128 384 -128 -128 128 -128 128 -128 -128 -128 128 128 128 -128 -128 -128
128 128 -128 -128 128 128 128 -128 128 -128 384 -128 128 128 128 128
128 -128 128 128 -128 128 128 128 128 128 -128 128 128 384 -128 128
-128 128 128 128 -128 128 -128 128 -128 -128 -384 128 384 -128 128 -128
-128 128 128 128 128 -128 128 -128 -384 128 -128 128 -128 128 -128 -384
128 128 128 -128 -384 128 -128 -128 -128 -128 -128 -128 -128 128 128 128
-128 -128 -128 128 128 128 128 128 128 128 -384 128 -128 -384 -128 -128
-128 128 -128 -128 128 128 128 -128 -128 -128 128 -128 -128 -384 -128 128
128 128 -128 -128 -128 128 128 -128 128 128 -128 128 -128 -128 -384 128
128 -128 -128 128 -128 128 -128 -128 -128 -128 -128 -128 128 128 128 128
-128 128 128 -128 -128 -128 -128 -128 128 -128 128 128 -128 128 -128 128
128 128 128 -128 -128 128 128 -128 128 128 128 -128 384 -128 -128 -384
-128 -128 -128 -128 128 128 128 128 128 128 -128 -128 -128 -128 128 -128
-128 128 128 128 -128 128 -128 -128 -128 128 128 128 -384 128 384 -128
-128 128 -128 128 -128 -128 128 384 -128 128 128 -128 -128 128 -128 128
128 -128 128 128 128 128 -128 -128 -128 -128 -128 -384 128 128 384 -128
-128 -128 -128 -128 128 -128 128 -128 -128 -384 384 -128 128 128 128 128
128 128 -128 -128 128 -128 -128 -128 -384 128 128 -128 -128 -128 -384 128
-128 128 -128 128 -128 128 -128 128 -128 -128 -128 128 384 -128 -128 128
-128 128 -128 -384 128 128 128 128 -128 128 -128 128 128 128 128 128
-128 -128 -128 128 128 -128 -128 -128 -128 -384 -128 -128 384 -128 -128 128
128 -128 -128 128 128 -128 128 -128 -128 128 128 -128 -128 -384 -128 -384
128 -128 128 -128 -128 -128 -384 128 128 128 -128 -128 -128 -128 -128 -128
-128 -128 128 -128 -128 128 128 -128 384 -128 128 -128 -384 128 128 128
-128 128 128 128 -128 -128 128 128 -128 -128 128 -128 384 -128 128 -128
-128 -128 -128 128 128 -128 -128 128 -128 -128 128 128 -128 -384 -384 128
-128 -128 128 -128 128 128 -128 128 128 -128 -384 128 128 128 -128 -128
128 -128 128 128 -128 -128 -128 -128 128 -128 384 -128 -128 -384 -128 128
-128 -128 -128 128 384 -128 128 128 128 128 128 -128 128 -128 128 -128
128 -128 -128 -384 128 -128 -128 -128 -128 -128 128 -128 -128 128 128 -128
128 128 -128 -128 128 128 128 128 128 128 -128 128 -128 128 384 -128
128 128 -128 128 128 -128 -128 128 128 384 128 -128 384 -128 -128 -128
-128 -128 -128 -128 128 -128 -128 128 128 -128 384 -128 128 384 -128 -128
-128 -128 -128 128 128 384 128 128 -128 -128 128 128 128 -128 128 -128
-128 -128 -128 128 128 -128 -128 128 128 -128 -384 128 128 128 384 -128
128 -128 -128 128 -128 128 -128 128 -128 -384 -384 128 -128 128 128 128
-128 128 128 -128 128 128 128 -128 -128 -128 -128 128 -128 -128 -128 128
128 -128 128 -128 128 -128 128 -128 128 128 -384 128 128 -128 128 384
128 128 -128 -128 -128 128 128 128 -128 -384 -128 128 128 384 -128 -128
-128 -128 -128 -128 -128 -128 128 -128 -384 128 128 -128 -128 128 -128 -128
-128 128 128 -128 -128 -128 -128 -384 -128 128 -128 128 128 -128 128 -128
-128 -128 -128 128 -128 -384 -128 128 -128 -128 128 128 -128 -128 -128 -128
128 128 128 -128 -128 -128 -128 128 -128 128 128 -128 -384 128 128 -128
-128 128 -128 -128 -128 128 -128 128 -128 -384 128 128 128 128 -128 128
-128 128 128 128 -128 -128 128 128 -384 128 128 384 -128 -128 128 128
-128 -128 -128 -128 -128 -128 -384 128 -128 -128 -128 128 128 -128 128 128
128 -128 -128 -128 128 -128 128 -128 128 384 -128 -128 -128 128 128 128
128 -128 -128 128 -128 -128 128 -128 -128 128 128 128 128 128 -128 -128
-128 -128 128 128 128 -128 -128 128 -128 -128 128 -128 384 -128 128 384
-128 -128 -128 -128 -128 -384 128 128 -128 -128 128 128 -128 -128 -128 128
-128 128 -128 -128 128 128 -128 -128 128 -128 128 -128 128 384 128 -128
128 128 128 128 128 128 -128 -384 -128 -128 128 128 128 128 -128 -128
-128 -128 -128 128 128 128 384 -128 128 -128 -128 128 -128 128 -128 -128
128 128 128 -128 128 128 -128 -128 -128 -128 128 -128 -128 -384 128 384
128 -128 128 -128 128 -128 -128 128 384 -128 128 128 -128 -128 128 384
-128 -128 128 -128 128 128 128 128 128 -128 -128 -384 128 -128 -128 -384
-128 -384 128 -128 -128 128 -128 128 -128 128 128 128 -128 128 128 -128
128 128 128 128 -128 -128 -128 -128 -384 128 128 -128 128 128 -128 128
-128 128 128 128 128 128 -128 -128 -128 -128 128 128 -128 -128 -128 128
-128 128 128 -128 -128 128 128 -128 128 384 -128 128 -128 -384 128 128
-128 128 -128 -128 -128 128 128 -128 128 128 -384 128 -128 -128 -128 -384
128 -128 -128 -128 128 128 -128 128 128 128 128 384 -128 -128 -384 128
128 128 -128 128 -128 -128 128 -128 384 -128 -128 -128 128 -128 128 -128
-128 128 -128 128 128 -128 128 128 128 128 -128 -384 -128 128 -384 128
-128 128 128 128 128 128 -128 128 -128 -384 128 128 128 -128 -128 -384
-128 128 128 -128 128 -128 -128 128 -128 -384 -128 128 -128 -128 -128 128
-128 -128 128 128 -128 -128 128 128 -128 -384 -128 -128 -128 128 -128 -384
-128 -128 128 -128 -128 128 -128 128 -128 128 128 -128 -384 128 384 -128
-128 128 -128 -128 128 128 128 -128 384 -128 384 -128 128 -128 -128 128
-128 128 -128 -128 128 128 -128 -128 128 384 -128 128 -128 -128 -384 128
-128 128 -128 -128 -128 128 -128 128 -128 -384 128 -128 -128 -128 384 -128
-128 -128 128 128 128 -128 128 -128 128 -128 128 -128 128 384 128 -128
-128 128 128 128 -128 128 -128 128 -128 128 -128 -384 128 128 -128 128
-128 -128 128 -128 128 128 -128 128 384 -128 -128 128 384 -128 128 -128
-128 128 128 -128 128 -128 128 128 -128 -128 128 -128 -384 128 128 -128
-128 -128 128 128 -128 -128 128 -128 -384 128 -128 128 -128 -128 384 -128
-128 128 -128 128 -128 -128 -128 -128 128 128 -128 128 128 -128 128 128
128 128 128 128 128 128 -128 -128 128 -128 -384 128 128 -128 -128 -128
-384 128 128 -128 128 128 -128 -128 128 -128 -128 128 -128 -128 128 128
128 -128 -128 128 -128 -384 128 -128 128 128 128 128 -128 -128 -128 -128
128 -128 -128 128 384 -128 128 -128 128 -128 128 128 -128 -128 128 128
-128 -128 -128 128 -128 -384 128 -128 -128 -128 -128 -128 128 128 -128 -128
128 -128 -128 -128 128 128 128 128 128 128 -384 128 128 384 -128 -128
128 -128 -384 128 128 128 128 128 -128 128 -128 -128 128 128 -128 -128
-128 128 384 -128 128 -128 -128 -128 128 -128 -128 -128 128 -128 128 -128
-128 128 -128 128 -128 128 -128 128 -128 -384 128 128 384 -128 128 128
-128 128 -128 128 -128 -128 -128 -128 128 -128 -128 128 -128 -128 -128 128
-128 -128 -128 -128 -128 -128 128 -128 -128 128 -128 -384 -128 128 128 384
128 -128 -128 128 128 -128 -128 -128 -128 -384 -384 128 -128 128 -128 -128
128 -128 128 -128 128 128 128 384 128 128 -128 -128 -128 -128 128 -128
-128 -128 -128 128 128 -128 -128 128 128 128 128 384 128 -128 -384 128
-128 -128 -128 -128 128 128 -128 128 128 384 -384 128 128 128 -128 128
128 128 -128 -128 128 -128 128 384 -128 128 128 -128 128 128 -128 128
-128 -128 128 128 384 -128 -128 128 -128 -128 -128 128 128 128 -128 128
-128 -128 -128 -128 128 -128 -128 -128 128 128 128 128 128 384 128 -128
128 -128 -128 -128 -384 128 -128 -128 -128 128 128 128 -128 128 -128 128
128 -128 128 384 128 -128 128 -128 128 128 -128 128 -128 128 -128 128
128 128 -128 128 -128 128 128 -128 -128 -128 -128 128 128 128 -128 128
128 128 128 128 128 128 -128 128 128 128 384 -128 -128 -128 -128 -128
128 -128 128 -128 128 384 -128 -128 128 128 128 128 128 -128 -128 -128
128 128 128 -128 -384 128 128 128 -128 -128 -128 -128 -128 128 -128 -128
-128 -128 -128 128 128 128 -128 128 -128 -384 -128 -384 128 128 128 128
-128 128 128 -128 128 384 -128 128 128 128 -128 -128 128 -128 -128 128
-128 128 128 128 128 128 128 128 128 -128 128 128 128 128 128 384
-128 128 384 -128 128 -128 -128 128 -128 128 128 -128 128 -128 -128 128
128 -128 128 -128 -128 -128 -128 128 -128 -384 128 -128 128 -128 128 -128
-128 128 -128 128 128 128 128 128 384 -128 128 128 -128 -384 128 128
-128 -128 128 -128 384 -128 128 128 128 -128 -128 -128 128 -128 128 -128
-128 -128 -128 128 128 128 128 128 128 128 -128 -384 -128 -128 384 -128
-128 -128 -128 -128 128 128 -128 128 384 -128 128 -128 384 -128 -128 128
128 -128 -128 128 -128 -128 -384 128 -128 -128 128 -128 128 128 -128 128
128 -128 -128 128 -128 -128 -128 -128 -128 -128 128 -128 -128 -128 128 128
-128 128 128 128 -128 -128 128 128 -128 128 384 -128 128 128 -384 128
128 -128 128 -128 -128 -128 128 128 128 -128 128 384 128 -128 -128 -384
-128 -128 -128 128 128 -128 128 -128 384 -128 -128 -128 128 -128 -128 128
-128 -128 -128 -128 -128 128 128 -128 -128 -128 128 -128 -128 -384 -128 128
-128 128 128 384 -128 128 128 -128 -128 128 128 128 -128 128 -128 -128
-128 -128 -128 -128 128 -128 128 -128 -128 -128 -384 128 -128 -384 128 -128
-128 128 128 128 128 128 -384 128 128 128 128 -128 128 -128 128 384
-128 -128 128 -128 128 128 128 -128 -128 128 384 -128 -128 -128 384 -128
128 384 -128 -128 128 -128 128 128 -128 -128 -128 -128 -128 -128 128 -128
128 128 384 -128 128 128 -128 128 -128 -128 -128 -128 128 128 -128 -128
-128 -128 128 -128 -128 -128 -128 -128 128 384 -128 -128 128 128 -128 -384
128 128 -128 128 128 -128 384 -128 128 -128 -128 128 -128 -128 128 128
128 -128 128 128 128 128 384 -128 -128 128 -128 128 128 128 -128 -128
-128 -128 -128 128 -384 128 128 128 -128 -128 128 -128 -128 -128 -128 128
-128 128 -128 128 128 128 -128 128 128 -128 -128 -384 -384 128 128 -128
128 -128 128 128 -128 128 128 384 -128 -128 -128 128 -128 128 128 384
-128 128 -128 -128 -128 -128 -128 128 128 -128 -384 128 128 384 128 128
128 128 -128 -128 128 128 -128 -128 384 -128 -128 128 -384 128 -128 128
128 128 128 -128 -128 -128 -128 -128 -128 -128 -384 128 -128 -128 128 -128
128 -128 128 128 -128 -128 128 -128 128 128 384 -128 -128 -128 -128 -128
-128 -128 128 128 -128 -128 128 384 128 128 -128 128 128 -128 128 128
128 -128 -128 128 128 -128 128 128 -128 128 -128 -384 -128 128 -128 128
-128 -128 -128 128 128 128 128 -128 384 -128 384 -128 128 128 -128 -128
128 128 -128 -128 -128 128 128 -128 128 -128 -128 -128 -128 128 -128 -128
128 -128 128 -128 128 128 -128 -128 384 -128 128 128 -128 128 384 -128
-128 128 -128 -128 -128 128 -128 -128 -128 128 384 -128 -128 -384 128 128
-128 -128 -128 128 128 128 128 128 128 128 384 -128 -128 -384 -128 -128
-128 128 -128 128 128 128 -128 128 128 -128 -128 128 128 -128 -128 128
128 -128 128 128 128 -128 128 128 384 -128 128 384 -128 -128 128 128
128 -128 -128 -128 -128 128 128 -128 128 384 -128 -128 -128 -384 -128 -128
-384 128 -128 -128 128 -128 -128 128 128 128 128 -128 128 128 -128 -128
-128 -128 -128 -128 128 -128 128 128 128 -128 -384 128 -128 -384 128 128
128 128 128 -128 -128 128 128 -128 128 128 128 128 128 128 384 -128
128 128 128 128 -128 -128 -128 -128 -128 -128 384 -128 -128 -128 128 128
-128 128 -128 128 128 128 128 -128 -128 -128 384 -128 -128 -128 -128 -384
-128 -128 128 128 -128 -128 128 -128 128 128 128 128 -128 128 -128 128
128 -128 -128 128 128 -128 -128 -128 128 128 384 -128 128 128 -128 128
128 128 -128 -384 -128 128 -128 -128 -128 -128 -128 -128 -128 -128 -128 128
-128 -128 128 384 -128 128 -128 128 -128 -128 -128 -128 -128 128 -128 128
-128 128 -128 128 128 -128 128 128 -128 -128 128 -128 -128 -384 384 -128
-128 128 128 -128 -128 128 -128 128 128 384 128 -128 384 -128 -128 128
128 -128 -128 128 -128 128 -128 128 -384 128 -128 128 128 128 128 128
-128 128 -128 -128 128 128 -384 128 128 128 128 128 -128 128 -128 -384
128 -128 128 -128 -128 -128 128 128 128 -128 -128 -128 384 -128 -128 -384
-128 128 128 128 128 128 128 128 -128 -384 128 128 -128 -384 128 128
128 128 128 128 128 128 -384 128 128 -128 128 -128 -128 -128 -128 -128
128 128 -128 -128 -128 -128 -128 128 -128 -128 384 -128 -128 128 -128 -384
-128 128 128 128 128 -128 128 128 -128 -384 -128 -128 -128 -128 128 128
128 128 128 -128 128 -128 -128 -128 -128 -128 128 128 -128 128 384 -128
128 -128 128 -128 128 128 128 -128 128 384 128 384 -128 128 -128 -128
128 128 128 128 -128 -128 128 -128 128 -128 -128 -128 -128 -128 -128 -384
-128 -128 -128 -384 128 128 -128 128 -128 128 -128 -128 -128 128 -128 -128
128 384 128 128 128 -128 128 -128 128 128 128 -128 -128 -128 128 128
128 -128 -128 -128 -128 -128 128 -128 -384 128 -128 128 -384 128 128 -128
-128 -128 -128 128 -128 -128 -128 -128 128 384 -128 128 384 -128 -128 128
128 128 -128 128 128 -128 -128 -128 -128 -384 -128 -128 128 128 128 128
128 -128 -128 128 128 128 -128 -128 -384 128 -128 128 128 -128 128 384
-128 -128 -128 -128 128 128 128 -128 -128 -128 -128 -128 -384 128 128 -128
128 128 128 -128 -128 -128 -128 128 128 128 -128 128 -128 128 -128 -384
-128 -128 128 -128 -128 128 -128 -384 128 128 -128 128 -128 -128 -384 128
-128 128 -128 128 -128 -128 -128 128 128 384 -128 -128 128 -128 128 384
-128 -128 -128 128 -128 128 128 128 -128 128 128 128 128 384 -128 128
128 -128 -128 -128 128 -128 -384 128 -128 -128 128 -128 128 128 -384 128
128 128 128 384 -128 -128 -128 128 -128 -128 -128 128 128 -128 128 128
128 -128 128 -128 128 -128 -128 -128 -128 -128 -128 128 128 -128 -128 -128
128 -128 128 128 -128 -128 -128 128 128 128 384 -128 -128 -128 128 128
-128 -128 128 -128 -128 -128 128 128 128 128 -128 128 128 384 384 -128
128 -128 384 -128 128 -128 128 128 -128 -128 -128 128 -128 -128 128 -128
128 -128 -128 128 128 128 -128 -128 -128 128 128 128 128 384 384 -128
-128 128 128 128 128 -128 -128 128 128 128 -128 -128 -128 128 -384 128
-128 -128 128 128 -128 -128 128 -128 128 -128 -384 128 128 384 128 128
-128 -128 -384 128 -128 128 128 -128 -128 -128 -128 128 -128 128 128 128
-128 -128 -128 128 128 -128 -128 -384 -128 -128 -128 128 128 128 -128 -128
-128 -128 -128 -128 128 -128 384 -128 128 128 -128 128 128 128 128 128
-128 -128 -128 128 -128 -128 128 384 128 -128 -128 -128 -128 -128 -384 128
128 128 128 128 -128 -128 128 128 -128 128 128 -128 -384 128 -128 128
-128 128 -128 -128 -128 -128 128 128 -128 -128 -128 128 128 128 128 128
128 128 384 -128 -128 128 -128 -128 -128 128 -128 128 -128 -128 128 -128
-128 -128 -128 128 -128 128 -128 128 -128 128 128 -128 128 128 128 384
128 384 -128 128 128 128 128 128 -128 128 128 128 -128 128 128 -128
128 -128 128 128 128 128 -128 -384 -128 128 128 -128 -128 128 128 -128
128 128 128 128 -384 128 -128 128 128 128 -128 -128 128 -128 128 -128
128 -128 -128 128 -128 -384 128 128 -128 128 -128 128 -128 -128 -128 -128
128 -128 -128 -128 128 128 128 -128 -128 128 -384 128 -128 128 128 384
-128 -128 -128 -128 -128 128 128 -128 128 -128 384 -128 -128 128 384 -128
128 -128 -128 128 128 -128 128 -128 384 -128 128 384 128 128 -128 128
-128 128 128 128 128 -128 128 128 -128 -128 128 128 128 384 -128 128
-128 -128 -128 -384 -128 -128 -128 128 128 -128 128 128 128 128 -128 -128
-128 128 128 128 -128 128 128 -128 -384 128 128 128 -128 -384 128 128
-128 128 -128 -128 -128 -128 128 -128 128 128 -128 -384 384 -128 -128 128
-128 -128 128 -128 -128 128 -128 -384 -128 128 128 128 128 -128 128 128
128 -128 -128 -128 -128 128 128 -128 -384 128 384 -128 -128 -128 128 -128
128 128 128 128 128 -128 -128 128 128 128 128 -128 -384 128 384 -128
-128 -128 -128 128 128 -128 -128 -128 -384 128 -128 128 -128 -384 -128 -128
128 -128 -128 128 -128 -128 -128 -128 -128 128 -128 128 -128 -384 128 128
-128 128 -128 -128 -128 128 -128 -128 -128 -128 -128 -128 128 384 -128 -128
128 128 128 -128 128 128 128 128 128 -128 -128 128 128 384 -128 128
384 -128 128 -128 -128 -128 128 128 -128 128 128 128 128 -128 128 128
-128 -128 128 -128 128 -128 384 -128 128 128 -128 128 -128 128 -384 128
128 -128 -128 128 -128 -384 128 128 -128 -128 128 128 128 128 -128 128
-128 -128 -128 -128 -128 -128 -128 128 -128 128 -128 -128 -384 128 -128 128
128 128 -128 -128 -128 128 -128 128 128 -128 -128 128 128 128 128 384
128 -128 -128 -128 128 128 -384 128 128 128 128 128 128 128 -128 -128
128 128 -128 128 128 128 -128 128 -128 -128 128 -128 128 -128 128 384
-128 128 -128 -128 128 128 -128 -128 128 -128 -384 128 -128 128 128 -128
-128 128 128 128 -128 128 128 128 128 384 -128 -128 384 -128 -128 128
128 128 128 128 128 128 -128 -128 128 -128 128 128 128 -128 -128 -384
-128 -128 128 -128 128 128 -128 128 128 128 -384 128 384 -128 -128 128
128 -128 -128 -128 128 -128 128 128 -128 128 384 -128 128 -128 -384 128
-128 -128 -128 -128 128 128 128 -128 -128 -128 -384 128 -128 128 -128 -384
-128 -128 -128 -128 128 -128 128 128 128 -128 -128 -128 128 128 384 -128
128 -128 -128 128 128 -128 -128 -128 -128 -384 128 128 128 -128 384 -128
-128 -128 -128 128 128 128 128 128 384 -128 384 -128 128 128 -128 128
128 -128 128 128 128 128 -128 128 128 384 -128 128 -128 -128 -384 128
-128 -128 128 384 128 -128 -128 -128 128 128 128 128 -128 -128 -128 -128
-128 -128 128 128 128 -128 128 -128 -128 -384 128 128 -128 -384 128 -128
128 128 128 -128 128 -128 -128 128 128 -128 -128 -128 -128 -128 128 384
-128 128 -128 128 -128 -128 128 128 128 -128 128 128 128 384 128 128
128 128 -128 -128 128 128 128 -128 -128 -128 128 -128 128 -128 128 384
128 -128 128 -128 -128 128 -128 -384 -128 -128 128 128 -128 -128 384 -128
128 128 128 128 128 384 -128 -128 128 -128 -128 128 -128 128 -128 -128
128 -128 -128 -384 -128 128 -128 128 128 128 -128 -128 128 -128 128 128
-128 -128 -128 128 -128 128 128 -128 -128 -128 128 128 -128 -384 -128 128
-128 128 128 128 128 128 128 -128 -384 128 128 -128 128 384 128 128
-128 128 128 128 -128 -128 128 -128 -384 128 128 384 -128 -128 -128 128
-128 128 -128 -128 128 128 384 -128 -128 128 -128 -128 128 -128 -128 -384
-128 128 -128 -128 128 128 -128 -384 128 -128 128 -128 -128 -128 -384 128
-128 128 -128 -128 128 128 128 -128 128 384 -128 128 128 -128 -128 -384
128 128 384 -128 128 128 -128 128 128 -128 -128 -128 128 -128 -128 128
128 -128 -128 -128 -128 -128 128 128 128 128 -128 128 -384 128 384 -128
-128 128 128 128 -128 128 128 -128 -128 -128 -128 128 128 -128 384 -128
-128 -128 128 -128 128 -128 128 -128 -128 128 128 384 -384 128 128 -128
128 128 -128 -384 128 128 -128 -128 -128 128 -128 -128 128 -128 -128 -128
-128 -128 128 128 -128 128 -128 128 -128 -384 128 128 -128 128 -128 128
128 128 128 -128 -128 -128 -128 128 -384 128 128 -128 128 128 384 -128
-128 128 -128 128 -128 128 384 -128 -128 128 -128 -128 128 -128 128 -128
128 384 -128 128 128 -128 128 -128 -128 128 128 -128 -128 128 128 -128
384 -128 -128 128 128 128 -128 128 128 128 128 128 128 128 128 -128
-128 -128 -128 -384 -128 128 -128 -128 128 -128 -128 -128 -128 128 128 -128
-128 128 -128 128 128 384 128 128 -128 128 128 128 -128 128 -128 -128
-128 128 128 128 -128 -128 128 -128 128 128 128 128 128 384 -128 -128
-128 -128 128 -128 128 128 128 -128 128 -128 -384 128 128 128 -128 -384
-128 -128 128 -128 -128 -128 -128 -128 128 -128 128 384 128 128 -384 128
-128 128 -128 -128 -128 -128 128 -128 -128 -128 128 128 128 128 128 -128
128 -128 128 128 -128 -128 128 384 128 128 128 128 128 128 -128 128
-128 -128 -128 -128 128 -128 -128 128 128 384 -128 -128 -128 -128 -384 128
-128 -384 -128 -128 128 -128 -128 128 128 -128 -128 -128 128 128 -128 128
128 -128 128 128 -128 128 -128 128 -128 128 128 -128 128 128 -128 128
-128 128 128 -128 -128 -128 128 -128 384 -128 128 -128 -128 128 -128 -128
128 -128 128 128 -128 -128 128 -128 -128 -128 -128 -128 384 -128 128 384
128 128 128 128 128 128 -384 128 128 -128 128 128 -128 128 128 -128
-384 128 -128 -128 -128 128 -128 -128 -128 128 -128 128 -128 -128 -128 -128
-128 128 128 -128 128 128 128 384 -128 -128 128 128 128 -128 384 -128
128 128 -128 -384 128 -128 128 128 128 128 -128 128 128 -128 128 -128
-128 -128 -128 -128 128 -128 -128 -128 128 128 384 -128 -128 -384 -128 -128
128 -128 -128 -128 -128 128 128 128 128 384 -128 128 128 128 128 128
-128 128 128 128 -128 128 128 128 128 128 128 -128 -384 128 128 128
384 -128 128 128 -128 -128 128 -128 128 128 128 128 -128 -128 128 -128
-128 -128 -128 -384 128 -128 128 -128 128 -128 128 128 128 -128 -128 128
-128 -128 128 -128 128 -128 -128 128 384 -128 -128 -128 128 -128 384 -128
-128 -384 -128 128 -128 128 -128 -128 128 -128 -128 128 128 128 128 128
128 128 128 128 128 -128 128 128 -384 128 128 384 -128 128 -128 -128
128 -128 -128 -128 -128 128 -128 128 128 -128 -128 -128 128 128 -128 -384
128 128 128 128 128 128 -128 -128 384 -128 -128 128 -128 -384 -128 128
-128 128 -128 -384 128 -128 128 128 128 128 -128 -128 -128 -128 128 -128
128 128 -128 -128 -128 128 -128 -128 -128 128 128 -128 -128 -128 128 128
-128 -128 -128 128 -128 128 -128 -384 128 -128 -128 -128 128 128 -128 -384
128 128 -128 -128 -128 128 128 -128 -128 128 128 -128 128 -128 -128 128
128 128 128 -128 128 128 128 -128 -128 -384 -128 128 -384 128 128 -128
-128 128 128 128 -128 -128 -128 -128 128 128 128 128 128 128 -128 128
-384 128 -128 -128 128 -128 128 128 -128 -128 128 128 128 128 -128 -128
-128 -128 128 -128 128 -128 128 128 -128 -128 -128 128 384 -128 384 -128
-128 -128 128 -128 128 -128 128 128 -128 -128 128 128 -128 -128 128 128
-128 128 128 -128 128 -128 128 128 -128 -128 -128 128 384 -128 -128 -128
-128 128 128 -128 -128 128 128 128 128 -128 128 384 128 128 -128 -128
-128 -384 -128 128 -128 128 128 -128 -128 -128 -128 128 -128 -128 128 128
-128 -128 128 128 128 128 128 -128 128 128 384 -128 128 -128 -128 -384
-128 -128 -128 -128 -128 -128 128 128 384 -128 128 -128 128 128 -384 128
-128 -384 -128 -128 -128 -128 128 -128 -128 -128 -128 -128 -128 128 -128 -128
-128 128 -128 -128 -128 128 -128 -384 128 128 128 -128 -128 -128 -128 -128
-128 -128 -128 -128 -128 -128 -128 -128 -128 128 384 -128 -128 -128 128 -128
384 -128 -128 -128 128 128 128 -128 128 -128 -128 -128 -128 128 -128 -128
128 -128 128 128 128 -128 128 384 128 -128 -128 -128 -128 -128 384 -128
128 128 128 -128 -128 128 128 128 128 384 128 -128 -128 128 -128 -128
128 128 -128 128 -128 -128 128 128 128 128 -384 128 -384 128 -128 -128
-384 128 -128 128 -128 128 128 128 128 128 -128 128 -128 -128 128 -128
128 -128 128 128 -128 128 -128 128 -384 128 -128 -384 -128 128 -128 128
-128 128 -128 -128 128 128 -128 -128 128 384 -128 -128 -128 128 128 384
-128 -128 -128 -128 128 128 -128 -384 128 -128 -128 -128 -128 128 128 -128
-128 128 384 -128 -128 -128 -128 -128 -128 -128 -128 -128 128 128 128 -128
-128 128 128 -128 -128 128 128 -128 -128 -128 384 -128 -128 128 -128 -128
128 128 -128 -128 -128 -128 -128 -128 128 128 128 -128 -128 128 128 -128
-128 -128 -128 128 -128 128 128 -128 128 -128 128 -128 384 -128 128 128
-128 128 384 -128 -128 128 128 128 128 128 128 128 -128 128 -128 128
128 128 -128 -128 128 128 -128 -128 -128 128 128 -128 128 384 128 384
-128 128 128 128 -128 128 -384 128 -128 -128 -128 -128 128 -128 -128 -128
-128 -384 128 -128 -128 128 128 -128 -128 -128 128 -128 -128 -128 -128 -128
128 -128 -128 -128 -128 128 128 -128 128 128 128 384 -128 -128 -128 -384
-128 -128 -128 -128 128 -128 -128 128 -128 128 128 384 128 384 128 128
-128 128 -128 -128 -128 128 -128 -128 -384 128 -384 128 128 128 128 -128
-128 -128 -128 -128 -128 128 -128 -384 -128 -128 -128 128 128 -128 384 -128
128 384 128 128 128 -128 -128 128 128 128 -128 -128 128 128 128 -128
-128 -128 -128 -128 128 -128 128 128 384 -128 -128 128 -384 128 -128 -128
-128 -128 128 128 -128 128 -128 128 -128 128 128 384 -128 -128 -384 128
-128 -128 -128 128 128 128 128 -128 -128 -128 -128 128 -384 128 -384 128
384 -128 -128 128 -128 128 -128 128 128 128 -128 128 -128 -128 -128 128
128 -128 -128 -128 128 384 -128 128 128 -128 128 -128 128 -128 -128 128
-128 -128 -128 128 -128 128 128 128 -128 -128 128 128 -384 128 -128 -128
-128 128 128 -128 128 128 128 384 -128 -128 -128 128 128 128 128 384
128 -128 128 -128 -384 128 128 128 128 128 -128 -128 -128 128 -128 128
128 128 128 128 -128 128 128 384 128 128 -128 128 128 -128 128 384
128 128 128 128 128 -128 128 -128 128 -128 -128 128 384 -128 128 -128
128 128 -128 -128 -128 -128 -128 128 -384 128 128 -128 128 384 128 128
-128 -128 -128 128 -128 -128 128 -128 128 -128 128 128 384 -128 -128 -128
128 128 128 -128 -128 -128 128 -128 -128 -128 384 -128 -128 128 -128 -384
128 -128 -128 128 128 -128 -128 -128 -384 128 128 128 -128 128 -128 128
128 -128 128 128 128 128 384 -128 128 128 -128 -128 128 -128 -128 -384
128 -128 -128 -128 -128 -128 -128 128 128 -128 384 -128 128 128 -128 128
-128 128 128 128 128 -128 -128 128 384 -128 -128 128 384 -128 -128 -128
-128 -128 128 -128 128 128 384 -128 -128 128 -128 128 128 128 -128 -128
-128 -128 128 -128 -128 128 128 -128 128 128 -384 128 -128 -384 -128 128
128 128 -128 -128 -128 128 128 128 -128 -128 384 -128 -128 128 384 -128
128 128 -128 128 -128 -128 128 -128 -128 128 384 -128 -128 128 128 128
128 -128 128 -128 128 128 -128 128 384 -128 384 -128 128 128 128 128
128 -128 128 -128 -128 128 128 128 128 -128 -128 128 -128 128 128 128
-128 128 -128 128 128 -128 -128 -128 128 -128 -384 128 -384 128 -128 128
-128 128 -128 128 128 128 128 -128 -128 128 -128 -128 -128 -384 128 384
-128 -128 128 -128 -128 128 128 -128 -128 128 128 384 -384 128 -128 128
-128 128 128 -128 -128 128 128 128 384 -128 128 -128 128 -128 -128 -128
128 -128 -128 -128 128 128 128 -128 128 128 -128 -384 128 128 -128 -128
128 -128 -128 128 128 128 -128 128 384 -128 128 128 -128 -384 128 -128
-128 -128 128 -128 -128 128 -128 128 128 384 128 -128 -128 -128 -384 128
-128 128 128 384 -128 -128 -128 128 128 -128 128 -128 128 -128 128 128
-128 128 128 -128 -384 128 128 -128 -128 128 -128 128 -128 128 -128 -128
-128 128 128 128 128 128 -128 128 -128 -384 -128 -128 -128 -128 128 128
128 -128 -128 -128 -128 -128 128 128 -384 128 -128 -128 128 128 -128 -384
-128 -128 128 -128 -128 128 -128 -128 384 -128 384 -128 -128 128 -128 -128
-128 -128 128 -128 128 128 -128 -384 128 128 -128 128 -128 128 -128 -384
128 -128 -128 -128 -128 -128 -128 -128 128 128 -384 128 128 -128 -128 -128
128 128 128 128 -128 -128 -128 -128 -128 -384 128 -128 -128 -128 -384 128
128 -128 128 128 128 128 -128 -128 128 -128 128 384 -384 128 -128 128
-128 128 128 -128 128 128 128 128 128 -128 384 -128 128 384 -128 128
-128 128 -128 -128 -128 -128 128 -128 384 -128 -384 128 128 128 128 128
128 384 128 -128 128 128 -128 128 128 -128 128 -128 128 128 128 128
128 128 -384 128 128 128 128 128 128 -128 -128 -128 128 -128 -128 128
-128 -128 128 128 -128 -128 128 -128 128 128 -128 -128 128 128 -384 128
128 -128 128 128 -128 128 128 128 -128 -128 128 -128 128 384 128 128
128 -128 -128 128 -128 128 128 -128 -128 -384 -128 -384 -128 128 128 -128
128 -128 128 -128 128 -128 128 128 128 128 -384 128 -384 128 -128 128
128 128 128 -128 -128 -128 128 -128 128 -128 -128 -128 -128 128 128 128
128 -128 128 -128 -128 -128 -128 128 128 128 -128 -128 128 128 128 384
-128 -128 -128 128 -128 128 128 128 128 128 128 384 -128 128 -128 128
128 -128 -128 128 -128 128 -128 -128 -384 128 128 384 128 128 128 128
128 128 128 128 -128 128 128 128 128 128 128 -128 -128 -128 -128 -128
128 128 -128 -128 128 128 -128 -384 -128 128 -128 128 128 -128 -384 128
-128 -128 -128 128 128 -128 -128 -128 -128 -384 128 128 -384 128 128 -128
-128 128 128 128 128 128 -128 -128 384 -128 -128 -384 128 128 128 128
-128 -128 128 128 128 -128 128 128 128 128 -128 -128 384 -128 -128 -384
-128 -128 -128 -128 -128 -128 128 128 128 128 128 384 128 -128 384 -128
-128 -128 -128 128 -128 128 -128 -128 128 128 -128 128 384 -128 384 -128
-128 128 -128 128 -128 128 -128 -128 -128 128 -384 128 -128 -384 128 -128
128 -128 -128 -128 128 128 128 -128 384 -128 128 -128 -384 128 -128 128
128 -128 -128 128 128 128 -128 128 -128 -128 128 384 -128 128 -384 128
-128 -128 128 -128 -128 128 128 -128 -128 128 -128 128 -128 128 128 -128
128 128 -128 -384 -128 128 128 128 128 128 -128 128 128 -128 -128 -128
128 128 -128 128 128 128 128 -128 128 384 128 -128 128 -128 -384 128
-128 -128 -128 -128 -128 -128 128 -128 128 -128 384 -128 -128 128 128 128
-128 128 128 128 -128 128 384 -128 128 -128 -128 128 -128 128 384 -128
-128 128 -128 -128 128 -128 128 -128 128 384 128 -128 -128 128 128 -128
-128 -128 128 -128 128 -128 -128 -128 128 128 -128 -384 -128 -128 384 -128
128 128 128 -128 -128 -128 -128 -384 128 128 -128 128 128 128 128 128
128 128 384 -128 128 -128 128 -128 -128 -128 -128 -128 128 128 -128 -128
-128 128 128 128 -128 128 128 -128 -384 128 128 128 384 -128 128 -128
-128 -128 128 -128 -128 128 128 -128 128 -128 -128 -384 128 384 -128 -128
128 128 128 -128 -128 128 128 384 128 128 -128 128 -128 -128 -384 128
-128 -128 -128 128 128 128 128 384 -128 128 -128 -128 -128 -128 -128 128
128 -128 -128 128 128 128 -128 -384 -128 -128 -128 -128 -128 128 128 384
128 128 -128 128 128 128 -128 -128 128 -128 -128 -384 -128 -384 -128 -128
128 -128 -128 128 128 128 384 -128 -128 -128 128 128 -128 -128 128 128
128 -128 128 -128 -128 128 -128 -128 -128 -128 384 -128 -128 128 -128 -384
-128 128 -128 -128 128 -128 -128 128 -128 -128 384 -128 -128 -128 128 128
-128 -128 -128 128 -128 -128 -128 -128 -128 128 128 -128 -128 128 -384 128
-128 -128 128 -128 -128 128 128 128 -128 -128 128 128 -128 -384 128 -128
128 -128 128 128 -128 128 128 128 128 128 384 -128 -128 -128 128 -128
